0,0.0,0.0,0.0,0.0,0.0,0.0,0.0,0.0,0.0,0.0,0.0,0.0,0.0,0.0,0.0,0.0,0.0,0.0,0.0,0.0,0.0,0.0,0.0,0.0,0.0,0.0,0.0,0.0,0.0,0.0,0.0,0.0,0.0,0.0,0.0,0.0,0.0,0.0,0.0,0.0,0.0,0.0,0.0,0.0,0.0,0.0,0.0,0.0,0.0,0.0,0.0,0.0,0.0,0.0,0.0,0.0,0.0,0.0,0.0,0.0,0.0,0.0,0.0,0.0,0.0,0.0,0.0,0.0,0.0,0.0,0.0,0.0,0.0,0.0,0.0,0.0,0.0,0.0,0.0,0.0,0.0,0.0,0.0,0.0,0.0,0.0,0.0,0.0,0.0,0.0,0.0,0.0,0.0,0.0,0.0,0.0,0.0,0.0,0.0,0.0,0.0,0.0,0.0,0.0,0.0,0.0,0.0,0.0,0.0,0.0,0.0,0.0,0.0,0.0,0.0,0.0,0.0,0.0,0.0,0.0,0.0,0.0,0.0,0.0,0.0,0.0,0.0,0.0,0.0,0.0,0.0,0.0,0.0,0.0,0.0,0.0,0.0,0.0,0.0,0.0,0.0,0.0,0.0,0.0,0.0,0.0,0.0,0.0,0.0,0.0,0.0,0.0,0.0,0.0,0.0,0.0,0.0,0.0,0.0,0.0,0.0,0.0,0.0,0.0,0.0,0.0,0.0,0.0,0.0,0.0,0.0,0.0,0.0,0.0,0.0,0.0,0.0,0.0,0.0,0.0,0.0,0.0,0.0,0.0,0.0,0.0,0.0,0.0,0.0,0.0,0.0,0.0,0.0,0.0,0.0,0.0,0.0,0.0,0.0,0.0,0.0,0.0,0.0,0.0,0.0,0.0,0.0,0.0,0.0,0.0,0.0,0.0,0.0,0.0,0.0,0.0,0.0,0.0,0.0,0.0,0.0,0.0,0.0,0.0,0.0,0.0,0.0,0.0,0.0,0.0,0.0,0.0,0.0,0.0,0.0,0.0,0.0,0.0,0.0,0.0,0.0,0.0,0.0,0.0,0.0,0.0,0.0,0.0,0.0,0.0,0.0,0.0,0.0,0.0,0.0,0.0,0.0,0.0,0.0,0.0,0.0,0.0,0.0,0.0,0.0,0.0,0.0,0.0,0.0,0.0
0,0.0,0.0,0.0,0.0,0.0,0.0,0.0,0.0,0.0,0.0,0.0,0.0,0.0,0.0,0.0,0.0,0.0,0.0,0.0,0.0,0.0,0.0,0.0,0.0,0.0,0.0,0.0,0.0,0.0,0.0,0.0,0.0,0.0,0.0,0.0,0.0,0.0,0.0,0.0,0.0,0.0,0.0,0.0,0.0,0.0,0.0,0.0,0.0,0.0,0.0,0.0,0.0,0.0,0.0,0.0,0.0,0.0,0.0,0.0,0.0,0.0,0.0,0.0,0.0,0.0,0.0,0.0,0.0,0.0,0.0,0.0,0.0,0.0,0.0,0.0,0.0,0.0,0.0,0.0,0.0,0.0,0.0,0.0,0.0,0.0,0.0,0.0,0.0,0.0,0.0,0.0,0.0,0.0,0.0,0.0,0.0,0.0,0.0,0.0,0.0,0.0,0.0,0.0,0.0,0.0,0.0,0.0,0.0,0.0,0.0,0.0,0.0,0.0,0.0,0.0,0.0,0.0,0.0,0.0,0.0,0.0,0.0,0.0,0.0,0.0,0.0,0.0,0.0,0.0,0.0,0.0,0.0,0.0,0.0,0.0,0.0,0.0,0.0,0.0,0.0,0.0,0.0,0.0,0.0,0.0,0.0,0.0,0.0,0.0,0.0,0.0,0.0,0.0,0.0,0.0,0.0,0.0,0.0,0.0,0.0,0.0,0.0,0.0,0.0,0.0,0.0,0.0,0.0,0.0,0.0,0.0,0.0,0.0,0.0,0.0,0.0,0.0,0.0,0.0,0.0,0.0,0.0,0.0,0.0,0.0,0.0,0.0,0.0,0.0,0.0,0.0,0.0,0.0,0.0,0.0,0.0,0.0,0.0,0.0,0.0,0.0,0.0,0.0,0.0,0.0,0.0,0.0,0.0,0.0,0.0,0.0,0.0,0.0,0.0,0.0,0.0,0.0,0.0,0.0,0.0,0.0,0.0,0.0,0.0,0.0,0.0,0.0,0.0,0.0,0.0,0.0,0.0,0.0,0.0,0.0,0.0,0.0,0.0,0.0,0.0,0.0,0.0,0.0,0.0,0.0,0.0,0.0,0.0,0.0,0.0,0.0,0.0,0.0,0.0,0.0,0.0,0.0,0.0,0.0,0.0,0.0,0.0,0.0,0.0,0.0,0.0,0.0,0.0,0.0,0.0
0,0.0,0.0,0.0,0.0,0.0,0.0,0.0,0.0,0.0,0.0,0.0,0.0,0.0,0.0,0.0,0.0,0.0,0.0,0.0,0.0,0.0,0.0,0.0,0.0,0.0,0.0,0.0,0.0,0.0,0.0,0.0,0.0,0.0,0.0,0.0,0.0,0.0,0.0,0.0,0.0,0.0,0.0,0.0,0.0,0.0,0.0,0.0,0.0,0.0,0.0,0.0,0.0,0.0,0.0,0.0,0.0,0.0,0.0,0.0,0.0,0.0,0.0,0.0,0.0,0.0,0.0,0.0,0.0,0.0,0.0,0.0,0.0,0.0,0.0,0.0,0.0,0.0,0.0,0.0,0.0,0.0,0.0,0.0,0.0,0.0,0.0,0.0,0.0,0.0,0.0,0.0,0.0,0.0,0.0,0.0,0.0,0.0,0.0,0.0,0.0,0.0,0.0,0.0,0.0,0.0,0.0,0.0,0.0,0.0,0.0,0.0,0.0,0.0,0.0,0.0,0.0,0.0,0.0,0.0,0.0,0.0,0.0,0.0,0.0,0.0,0.0,0.0,0.0,0.0,0.0,0.0,0.0,0.0,0.0,0.0,0.0,0.0,0.0,0.0,0.0,0.0,0.0,0.0,0.0,0.0,0.0,0.0,0.0,0.0,0.0,0.0,0.0,0.0,0.0,0.0,0.0,0.0,0.0,0.0,0.0,0.0,0.0,0.0,0.0,0.0,0.0,0.0,0.0,0.0,0.0,0.0,0.0,0.0,0.0,0.0,0.0,0.0,0.0,0.0,0.0,0.0,0.0,0.0,0.0,0.0,0.0,0.0,0.0,0.0,0.0,0.0,0.0,0.0,0.0,0.0,0.0,0.0,0.0,0.0,0.0,0.0,0.0,0.0,0.0,0.0,0.0,0.0,0.0,0.0,0.0,0.0,0.0,0.0,0.0,0.0,0.0,0.0,0.0,0.0,0.0,0.0,0.0,0.0,0.0,0.0,0.0,0.0,0.0,0.0,0.0,0.0,0.0,0.0,0.0,0.0,0.0,0.0,0.0,0.0,0.0,0.0,0.0,0.0,0.0,0.0,0.0,0.0,0.0,0.0,0.0,0.0,0.0,0.0,0.0,0.0,0.0,0.0,0.0,0.0,0.0,0.0,0.0,0.0,0.0,0.0,0.0,0.0,0.0,0.0,0.0
0,0.0,0.0,0.0,0.0,0.0,0.0,0.0,0.0,0.0,0.0,0.0,0.0,0.0,0.0,0.0,0.0,0.0,0.0,0.0,0.0,0.0,0.0,0.0,0.0,0.0,0.0,0.0,0.0,0.0,0.0,0.0,0.0,0.0,0.0,0.0,0.0,0.0,0.0,0.0,0.0,0.0,0.0,0.0,0.0,0.0,0.0,0.0,0.0,0.0,0.0,0.0,0.0,0.0,0.0,0.0,0.0,0.0,1.4715024330749853,1.9725780385222693,1.0,1.428873313608788,2.0175192994303117,1.0,1.3891838182318808,1.7999084473824294,1.0,1.4486363385312941,1.69873389852497,1.0,1.4439590986888948,1.4727012456527804,1.0,1.4739177593895842,1.3866190326443233,1.0,-1.8597666275595979,1.0846548671597958,1.0,1.5018697121944644,1.284491727628553,0.25,1.5305492176917281,1.198297726167135,0.25,1.5734199686340309,1.077768237879628,0.25,1.490508102724615,0.9704537578913051,1.0,1.5278128023374111,0.9026189144289825,1.0,1.5864735860950308,0.9096334632684474,1.0,1.627302307191152,0.8580286845465449,1.0,1.616644404257207,0.8220103265714435,1.0,1.6182760930136006,0.8343126007092927,1.0,1.6229165686047589,0.9070431336241801,1.0,1.5152835930875237,0.9447144807631839,1.0,1.4479564013011463,1.050698273835777,1.0,1.3583999093728067,1.0682385704065136,1.0,1.4395435879690541,1.147424597747017,1.0,1.4700823980791249,1.1991437876828386,1.0,1.3812040462287127,1.3518431268104987,0.75,1.3091482747122198,1.378591034330513,0.0,1.3006541614536382,1.4420892621833488,0.0,1.2726134609840485,1.5266431375838483,0.0,0.0,0.0,0.0,0.0,0.0,0.0,0.0,0.0,0.0,0.0,0.0,0.0,0.0,0.0,0.0,0.0,0.0,0.0,0.0,0.0,0.0,0.0,0.0,0.0,0.0,0.0,0.0,0.0,0.0,0.0,0.0,0.0,0.0,0.0,0.0,0.0,0.0,0.0,0.0,0.0,0.0,0.0,0.0,0.0,0.0,0.0,0.0,0.0,0.0,0.0,0.0,0.0,0.0,0.0,0.0,0.0,0.0,-1.9996250958137312,1.8341796498667398,0.25,-1.962818143515574,1.7163765035013039,1.0,-1.9294135651924085,1.5730401537066239,1.0,-1.8104538543810131,1.486700153134334,1.0,-1.7903446431118335,1.3081332235587302,1.0,-1.8074878221059887,1.1749496961294394,1.0,0.0,0.0,0.0,-1.727559048278204,0.7344241915040876,1.0,-1.7311224967895118,0.6162893904976201,1.0,-1.7936830635203302,0.5764164996360559,1.0,-1.7677386456782775,0.5127333274317489,1.0,-1.7449371218400944,0.468291354397949,1.0,-1.7608576609306432,0.4468395597970948,1.0,-1.7062357435842093,0.38733569091675496,1.0,-1.6160817016946802,0.3492401055429066,1.0,-1.4604482275047612,0.3244601654642136,1.0,-1.4499471697550494,0.3699718165214702,1.0,-1.3700220075354992,0.3944934127373981,1.0,-1.3571167118989174,0.47057366404987583,1.0,-1.2820437157875049,0.5255910083434923,0.75,-1.2691481223374705,0.5679532368356709,0.5,-1.2931058559016624,0.5903056978226652,0.5,-1.3684258529978495,0.8217939896101976,0.0,-1.4244529753926625,0.9045936679227781,0.0,-1.4104503012013996,0.9849475260916327,0.25,-1.453227639871125,1.114597389780159,0.25
0,0.942295837238612,2.1580283323877616,0.25,1.1524880314728265,1.9623316339772843,1.0,1.0965656682375822,2.310293005218805,0.0,1.073862273959329,2.262520072135145,0.0,1.226892553028373,2.2757465189708226,0.0,1.1081331991614691,2.223566128292692,0.0,1.2553386379774134,1.9497448527753065,0.0,1.1277659178247266,2.156291161593942,0.0,1.3121658044751914,2.070390471648771,0.25,1.365844892763638,1.7699708610186866,0.0,1.37210540633184,1.9327442137919386,0.0,0.0,0.0,0.0,1.5545297478171791,1.0953871670113817,1.0,1.5997640885989222,1.0668810824991224,1.0,1.3629283159524237,0.8574464424353939,1.0,1.2537007138145972,0.7493587565270513,1.0,1.2681006493997513,0.797789164034351,1.0,1.1668922687567935,0.785732693592111,1.0,1.1494856822427482,0.7829760859766375,1.0,1.1200819716601733,0.7587398089531739,1.0,1.0695799472008274,0.7164693336764207,1.0,1.0834534323351552,0.7104563236464752,1.0,1.0832853956179098,0.663441966039438,1.0,1.105715891877652,0.6797559406763448,1.0,1.0964943928543696,0.6927977898445732,1.0,1.1035432055505292,0.7029706866165462,1.0,1.0772532250899614,0.690352852053728,1.0,1.0118391079329156,0.6540704291785706,1.0,1.0128112811354908,0.7085590480951748,1.0,1.088170119849912,0.7470372881480181,1.0,1.0890657318500274,0.7667582439483057,1.0,1.1026101026520967,0.7625579658683831,1.0,1.0714870597864392,0.7537012252679195,1.0,1.0592111992341604,0.7608048939639472,1.0,1.0680052625150613,0.7596554582534045,1.0,1.0985137711974546,0.7721475547330152,1.0,1.0447907873308302,0.7318504455920161,1.0,1.0507417409258057,0.7121505181572246,1.0,1.0308524884566146,0.6782612955093095,1.0,0.9875380201892033,0.6312252848469015,1.0,0.9808794951479308,0.5906594608697593,1.0,0.9918104187632694,0.5627811276840643,1.0,0.9426025182958873,0.5277632266044157,1.0,0.9387466993580972,0.5404008641803122,1.0,0.9371407206473853,0.516207347898684,1.0,0.0,0.0,0.0,0.0,0.0,0.0,0.0,0.0,0.0,0.0,0.0,0.0,0.0,0.0,0.0,0.0,0.0,0.0,0.0,0.0,0.0,0.0,0.0,0.0,0.0,0.0,0.0,0.0,0.0,0.0,-1.5327728893138883,1.4444241554721826,1.0,0.0,0.0,0.0,-1.5998013446434634,0.511019056256721,1.0,-1.6424664588464388,0.49588096584376523,1.0,-1.360663782961874,0.3670673297354961,1.0,-1.314586170913753,0.3491062550109448,1.0,-1.3044286959207425,0.4171957814389903,1.0,-1.222508116266583,0.4492941336319229,1.0,-1.2359581960451524,0.47607687356532863,1.0,-1.2648696559590913,0.5188334322104077,1.0,-1.2549793281589814,0.5158377295531039,1.0,-1.1891330592078848,0.5063317884779387,1.0,-1.1866263543690718,0.5182731913309682,0.75,-1.1436215435565968,0.528484709638369,0.5,-1.1278124934894231,0.5206788045917797,0.5,-1.224994421160611,0.5626973356098509,0.25,-1.2338137613912215,0.5502881862063835,0.25,-1.2091211773877808,0.5173959500819124,0.25,-1.2356801812646179,0.5160276690517404,0.5,-1.2108576574766434,0.4745081595287607,1.0,-1.2900549341046252,0.4738334772692044,1.0,-1.2935020894395048,0.46125044470716375,1.0,-1.30189360353055,0.4640922752798345,1.0,-1.3179361518331216,0.4803155310061559,1.0,-1.3427496074878844,0.4831276937530667,1.0,-1.3799511466467038,0.49595498324305026,1.0,-1.5349350733015148,0.4946342744993867,1.0,-1.6207265209317259,0.4805203220424098,1.0,-1.605964444774434,0.45852655107338874,1.0,-1.548822484219518,0.4138229558975826,1.0,-1.5461284324302056,0.3746758773160724,1.0,-1.5017981734605272,0.3567564861613004,1.0,-1.5111338381093602,0.33257965279945273,1.0,-1.4986832367480785,0.3425804635687965,1.0,-1.5296005907461871,0.32757418879211675,1.0
0,1.08895756598791,0.8047552272245394,1.0,1.088881134370311,0.7957506098475308,1.0,1.0934075587036067,0.815521090738054,1.0,1.0847943739018513,0.8223489532700098,1.0,1.07232546144113,0.8085179887896577,1.0,1.0706255874988766,0.8159587456894883,1.0,1.0648387478071004,0.8054647059613106,1.0,1.0783995378740716,0.8180265281878765,1.0,1.0859779599543886,0.8020412984019092,1.0,1.099846230585832,0.8064910249215912,1.0,1.1015032134521356,0.7890093791565019,1.0,1.1390959159285297,0.7582397638354895,1.0,1.1597891276388401,0.7625469854567332,1.0,1.1277162821697029,0.7519626586408051,1.0,1.1234545292979055,0.7455959312572528,1.0,1.1011802689750807,0.7423346580167185,1.0,1.1157107629177605,0.7561699884122202,1.0,1.0862951996751744,0.7586817048671988,1.0,1.114356123203238,0.7749694828219515,1.0,1.1069786896274867,0.7742166863800738,1.0,1.1014677466572367,0.7830119572267327,1.0,1.0717887952208769,0.765086322543645,1.0,1.0932301767001307,0.7731766998854769,1.0,1.090429803054214,0.7792686028039161,1.0,1.1040378864669165,0.7965392243001544,1.0,1.1011985159170112,0.7858258225934237,1.0,1.1007905017862718,0.8199296119285943,1.0,1.1081519296076132,0.8187656155528247,1.0,1.0959442776485036,0.8021642740885787,1.0,1.057365994367221,0.7810161024012388,1.0,1.0712728077285942,0.7990834905332912,1.0,1.0943343891600112,0.8015367561080721,1.0,1.0996801934686602,0.8079878889491391,1.0,1.072785816426191,0.8236769765793817,1.0,1.034029087273941,0.7737266980650955,1.0,1.0232682002932798,0.7621238331212012,1.0,1.018306359577706,0.7534815908031061,1.0,1.0167951247570264,0.7731348337691523,1.0,1.0158664926350887,0.7639036068325048,1.0,1.034837030181967,0.7637874447637317,1.0,1.008105297145232,0.7157075445158403,1.0,1.0139361845380548,0.617009176578463,1.0,0.9760698178767389,0.5924640411225459,1.0,0.9681302556104024,0.5711993775233457,1.0,0.9850652627595129,0.5833689228829905,1.0,-1.3486262541739447,0.5155503672053363,1.0,-1.3295834056133742,0.5080012878098119,1.0,-1.3465210433382955,0.5235638221176555,1.0,-1.339080306288593,0.5306505676883517,1.0,-1.3287926508600096,0.5239924321296962,1.0,-1.3161424913953759,0.5270703903190025,1.0,-1.3031445135515394,0.518850017266605,1.0,-1.325021598391966,0.5193354621201318,1.0,-1.3062405365899292,0.5047424679065171,1.0,-1.300870522069116,0.4813218970403734,1.0,-1.2936720866775084,0.4517576845980176,1.0,-1.2745548019936792,0.40753837747072413,1.0,-1.325767662786717,0.4236074231259753,1.0,-1.3064130969265386,0.42695106540920474,1.0,-1.290235364983118,0.42927189952811584,1.0,-1.2703158242680674,0.4315402982184712,1.0,-1.2764439175955697,0.44683964179411706,1.0,-1.2760817832817861,0.4455135745616651,1.0,-1.2925829401451054,0.45681087100004414,1.0,-1.2661690213508103,0.4596207362215676,1.0,-1.2893337570528627,0.4582499032545515,1.0,-1.2484937452999114,0.4566094529946384,1.0,-1.2867169874940325,0.4713966560107127,1.0,-1.2961645027948645,0.47664569370489746,1.0,-1.3099437670857639,0.49479151760606943,1.0,-1.3066449052338833,0.491844939778489,1.0,-1.3470085300696872,0.511262871841186,1.0,-1.3453055909746685,0.5174638147795619,1.0,-1.3301441061279191,0.5121653710715719,1.0,-1.2966328179827593,0.49108076480974555,1.0,-1.3168213294496578,0.5058087719324532,1.0,-1.3242009411071294,0.5124406962219124,1.0,-1.3308872139853338,0.5148900545208633,1.0,-1.3432193633144323,0.5225724734663069,1.0,-1.2739915048022956,0.485224124055566,1.0,-1.26188287241109,0.47647994903315494,1.0,-1.2735763780724854,0.47381732817317196,1.0,-1.2972931531756315,0.48991805945500605,1.0,-1.2885558398335315,0.48017593226429633,1.0,-1.299773812219128,0.48335370994077737,1.0,-1.2244052236181708,0.45424234839039673,1.0,-1.2995995208145854,0.34523841600992994,1.0,-1.2988358170557954,0.33816945353190003,1.0,-1.242068719410928,0.3226359669586368,1.0,-1.2699026177495423,0.3366247171130027,1.0
0,0.94885044907795,0.45325325505160297,1.0,0.9353066521743248,0.46929459999185696,1.0,0.9550540446712833,0.4773014888256658,1.0,0.9697286731246697,0.45593792438227293,1.0,0.952183076969932,0.4808830029706711,1.0,0.9010783539536233,0.4694745620116889,1.0,0.9547088194668205,0.6011932036644329,1.0,0.9797498343376935,0.661487519413822,1.0,0.9848075494411515,0.7152098644287804,1.0,1.008877869547512,0.7453996292204786,1.0,0.9801599956542353,0.704647705976011,1.0,0.9714265944282026,0.7140612891845066,1.0,1.0014088785188069,0.7557952435057599,1.0,0.9909825164421606,0.7467811357974579,1.0,1.003117882817086,0.7453874823670747,1.0,1.0058704765966522,0.7605954863702598,1.0,1.007627717891695,0.7520084139552672,1.0,0.9956526851017697,0.7435379878706443,1.0,1.0017327258184674,0.7545054550417192,1.0,0.973514912915613,0.7114499187176004,1.0,1.0161521786766843,0.7497011604477053,1.0,1.0007075021879472,0.7317779935657533,1.0,1.0058826553594946,0.7342735453521599,1.0,1.0036109110139333,0.7100145087947383,1.0,1.001080245246583,0.7179333052293583,1.0,1.076646372319337,0.750652820327987,1.0,1.0731960898271442,0.7517238620099751,1.0,1.0619762333152014,0.738591449084341,1.0,1.0846797022790227,0.7739212160655566,1.0,1.0606252616749459,0.7496667764051237,1.0,1.0562523784509426,0.7443276805880553,1.0,1.0622161733239361,0.7447105089359329,1.0,1.0385701841811583,0.750660357427937,1.0,1.061034212041133,0.7667545231496945,1.0,1.0402067277993388,0.7436750052523369,1.0,1.0512701881479858,0.7417124296523206,1.0,1.0598729452380482,0.7495946621496744,1.0,1.0379968699926152,0.7546631363798335,1.0,1.0640556035503945,0.7553959813344414,1.0,1.0499718369378555,0.7514475189987223,1.0,1.0489934339223153,0.7422835008931211,1.0,1.0618911705300869,0.7400256573008968,1.0,1.0479113429959215,0.7533579685380373,1.0,1.0622972093594174,0.7533795836898648,1.0,1.0740536820667046,0.7560915307064827,1.0,-1.2079148450634163,0.2255202736826388,1.0,-1.230746374223123,0.23163987922724671,1.0,-1.244129126869988,0.23825983974509282,1.0,-1.216952369641048,0.22360306358841542,1.0,-1.2504810215355135,0.24611629654689324,1.0,-1.2119224728730937,0.24496822416135022,1.0,-1.2663122494398693,0.37070988519298387,1.0,-1.3363770813382883,0.42914876925196804,1.0,-1.3268321656570876,0.4891504601131797,1.0,-1.3766611157903295,0.513576091460375,1.0,-1.319902983553137,0.47392038517777924,1.0,-1.348632716570624,0.4893055434314953,1.0,-1.3940816967775844,0.5020672697983539,1.0,-1.3818885771248313,0.49466358210596495,1.0,-1.3793169101949594,0.49225378560954497,1.0,-1.3792048334932652,0.4922745139851441,1.0,-1.3688494695242008,0.48465473037097895,1.0,-1.3404968760454248,0.4815399062466598,1.0,-1.3513374120401342,0.5037080108812413,1.0,-1.3155197059507722,0.46823999046304704,1.0,-1.3938322682691284,0.5027151767545008,1.0,-1.3387571030934897,0.4832098792546007,1.0,-1.362265262762169,0.47686616294763134,1.0,-1.3338772023510148,0.4494895178314623,1.0,-1.3511444696743673,0.4501415684537424,1.0,-1.4177135483870968,0.44830616327266176,1.0,-1.3979623978158116,0.44655067528298353,1.0,-1.3731033934474246,0.4460893918155571,1.0,-1.4551302897507894,0.4688389347406543,1.0,-1.4014335119323775,0.4530331892235185,1.0,-1.4140879217671374,0.4550085463282802,1.0,-1.4110546041370804,0.4567774930524116,1.0,-1.3767567631322695,0.4596571107636686,1.0,-1.4200471370109709,0.4669259613307091,1.0,-1.3783326173431294,0.4587111549183301,1.0,-1.396741187748273,0.46723842690031586,1.0,-1.4237317007085912,0.4786559735009501,1.0,-1.4019952952043142,0.478578395975288,1.0,-1.4183014119330375,0.47707110384084456,1.0,-1.396084440971725,0.4763591230028121,1.0,-1.3864773922633937,0.46755051135387954,1.0,-1.3616938651332637,0.4682903654234908,1.0,-1.3868762962772871,0.4861251788617095,1.0,-1.385062225930347,0.47730550105047065,1.0,-1.3863059009354766,0.486052064279414,1.0
0,1.0531993432707842,0.6944200028570128,1.0,1.0293259289279686,0.6656041567271502,1.0,1.0395222411313971,0.678955480033111,1.0,1.035268207832152,0.6711918256366537,1.0,1.0124794771484178,0.6527041159279409,1.0,0.9662759435212248,0.6222083786542165,1.0,0.9774841471722975,0.5879183448591864,1.0,1.0046327790386345,0.604071077099533,1.0,1.0062310657256095,0.6133201976811273,1.0,0.9528046689601632,0.5699214016338208,1.0,0.9560874613362854,0.5602296149203533,1.0,0.9802536406605099,0.5862077335451326,1.0,0.9639374687725641,0.5751823048596147,1.0,0.98886103976539,0.5684904421230037,1.0,0.9902144182876776,0.5356657046878389,1.0,0.9607398922292509,0.5261510235167736,1.0,0.986350516249155,0.520101596922187,1.0,1.0134438165861712,0.5031377692539473,1.0,1.0003604274516498,0.46128528103671046,1.0,1.0592712080269553,0.49426216337672174,1.0,1.0770334367870598,0.5010800076856748,1.0,1.0708543026398043,0.49567296762903607,1.0,1.0866406298110733,0.5242687615640484,1.0,1.0364943122532266,0.5079177092021129,1.0,0.9948195385790857,0.48108468182064684,0.75,0.989886435977446,0.49550086557186857,0.75,0.9619898743341951,0.504074696533203,0.75,0.9688864910049759,0.5245647817933228,0.5,0.9630728699370891,0.5907007137252641,0.25,0.9925782189348259,0.61765698007006,0.25,0.9747539146909975,0.6294112241085045,0.25,1.0468018164644093,0.6682641706298191,0.0,1.0673335650339575,0.6336424328877582,0.0,1.138093122949945,0.664288199261091,0.0,1.1895218076875305,0.6611197792940722,0.0,1.2239470752246808,0.6739400794228795,0.0,1.2922100043425133,0.672286210726584,1.0,1.4510515673951885,0.7250316656848431,1.0,1.4179614375664722,0.7184136397190999,1.0,1.5446178175487792,0.8136743828770152,1.0,1.5925664987192614,0.8570694066520557,1.0,1.8112377405400362,1.1144849960340473,0.5,1.836868228011993,1.163085630347366,0.25,1.7839268548836718,1.1474353562987734,0.25,1.7819474704074318,1.0651765868757348,0.5,-1.325395897882536,0.4164438782745946,1.0,-1.375625941327283,0.4456848833499818,1.0,-1.35189822277171,0.4360885758404342,1.0,-1.354179173286306,0.4417418263520774,1.0,-1.3457275293151274,0.44169826061040984,1.0,-1.3203485788563625,0.42152295722476446,1.0,-1.2974638522904691,0.3978738042944991,1.0,-1.2951489069924593,0.3831766282677669,1.0,-1.3046789106032908,0.39602497893359384,1.0,-1.3194539911046665,0.3961628580373365,1.0,-1.2421881439622322,0.3649672534392598,1.0,-1.257801586427494,0.3685795182482649,1.0,-1.2749553549968513,0.38424871900865243,1.0,-1.255285762126859,0.37585087693451685,1.0,-1.3126333523996863,0.36984955708494655,1.0,-1.235311009038469,0.36497643887521414,1.0,-1.2056178391177148,0.3668600138589085,1.0,-1.2460248385838553,0.34989115931028597,1.0,-1.266313064639908,0.31757616264252225,1.0,-1.175061655831373,0.285239563314385,1.0,-1.2387836266123478,0.30330631751844156,1.0,-1.2453918290170822,0.3025821217195088,1.0,-1.2436843271546512,0.2984111525897359,1.0,-1.2450274278361446,0.3366632856613987,1.0,-1.1848698754742015,0.31586893216515943,1.0,-1.164664537931058,0.31305566145818614,0.5,-1.1817993674924725,0.32504878215998545,0.5,-1.1584238850039248,0.34630581563006907,0.25,-1.1635483946850145,0.3590623727546966,0.25,-1.3345841718110634,0.49746245695867247,0.25,-1.327542940638361,0.477246189433066,0.0,-1.2972061590873132,0.4561261337355824,0.0,-1.3670396874850708,0.488226268401543,0.0,-1.3671317670527174,0.5093014616252668,0.0,-1.4305271894703144,0.5345599006540072,0.75,-1.50118754647603,0.5833161353182583,1.0,-1.6384115200884748,0.6538768182407779,1.0,0.0,0.0,0.0,-1.9373777270653463,0.8904823148284239,1.0,-2.050266374610167,0.9357647894031681,1.0,-2.064317568186558,0.9447806481092063,1.0,-1.997902747505449,0.9677107753937625,0.0,-1.9284840277903628,0.8604498415632515,0.0,-1.8346040391487648,0.7012196005799374,0.0,-1.7920469762193056,0.6334663665901289,1.0
0,1.2307649940674306,0.7864694809351123,1.0,1.241121317443336,0.8129932037250794,1.0,1.2246930630084767,0.8043381608508686,1.0,1.2068506413824385,0.7988151072700206,1.0,1.241843287858926,0.8486512479661675,1.0,1.277229790058832,0.8720487987797771,1.0,1.1912180974216935,0.7955960740876219,1.0,1.239301327080948,0.8240969777299382,1.0,1.237652721762842,0.8075165664723395,1.0,1.2708197427098997,0.8139523332176685,1.0,1.2971667862461034,0.8090122361628774,1.0,1.2670948722282038,0.7683197958232222,1.0,1.2501384709272285,0.723812104191573,1.0,1.281851262554983,0.7166470560413467,1.0,1.2683361037693106,0.6963578200728515,1.0,1.2764550297054669,0.7018015805119274,1.0,1.2843058425622833,0.7206475452123609,1.0,1.3385619193310088,0.7065306642774123,1.0,1.429677474862634,0.7232021709910502,1.0,1.5896663929086052,0.7245763027382173,1.0,1.6661017827188636,0.5506955114893124,1.0,1.6638100984139144,0.6096094578591434,1.0,1.6418287132669898,0.6102399938531186,1.0,1.6042181924792371,0.6061306905567517,1.0,1.5809124730405466,0.6249112220375653,1.0,1.5588765070658295,0.6464633713243743,1.0,1.4935784718883902,0.627118135665067,1.0,1.5393608220596666,0.6980796593199607,1.0,1.385060952208445,0.8049479626639473,0.75,1.3974368582869132,0.8114868256794381,0.75,1.3940271597635512,0.7685379199106012,0.5,1.423492389342631,0.8297206974112468,0.5,1.5531761499457577,0.9283413127363045,1.0,1.5801031843264683,0.8159001931139267,1.0,1.5774853816161833,0.7639646052219513,1.0,1.4927046040514733,0.9271837108980338,1.0,1.3649682181510965,0.9207745463046126,1.0,1.4645520668341239,0.8963021094357004,1.0,1.363961903101337,0.8862205662564823,0.5,1.333483225305811,0.8055443950761586,0.25,1.348637368674037,0.7826777449701298,1.0,1.417236684817188,0.7880931830911474,1.0,1.4592196095374095,0.8421878482436138,1.0,1.498285435631775,0.895343520425119,0.5,1.5458281101563254,0.993547212081809,1.0,-1.5884160310169129,0.6915931964370814,0.25,-1.593860885438735,0.7031633847272268,0.25,-1.5753749148885479,0.6690691764113988,0.25,-1.588551891950412,0.6570193265937165,1.0,-1.6454067598990825,0.6897834223718274,1.0,-1.6983432535560274,0.7161854488761417,1.0,-1.5860443583291037,0.5664045122052745,1.0,-1.6702109960069307,0.568627603019783,1.0,-1.6312354423495439,0.5276250382662531,1.0,-1.6371452385638887,0.5160632375749877,1.0,-1.6273585930331445,0.5000328963373059,1.0,-1.586475067060698,0.44580329162840776,1.0,-1.5591155215796262,0.4001970609371069,1.0,-1.5985189273420526,0.38483970573458043,1.0,-1.5840637091630232,0.36937540249280354,1.0,-1.640966131282848,0.368179209304018,1.0,-1.6867715773514247,0.3841640783787601,1.0,-1.764218547963663,0.3818210804907606,0.75,-1.8295244172730496,0.3452203322969776,1.0,-1.9137535761503675,0.29020919275326335,1.0,-1.9192581964178201,0.1455700901179357,1.0,-1.8700499792835747,0.12895032851714783,1.0,-1.8163892252803973,0.13254841090202035,1.0,-1.789166407131139,0.12232140110735158,1.0,-1.832052505739621,0.11157909108282461,1.0,-1.7582235200919452,0.11795267517344997,1.0,-1.6319576455178368,0.18450408853782355,1.0,-1.5769739087592494,0.24794242042389517,1.0,-1.5041375282102756,0.4901442541437478,1.0,-1.4719909728561875,0.5065234813067414,1.0,-1.6376546920443202,0.48668087699875817,1.0,-1.6931065664285343,0.4472290073847855,1.0,-1.6483725784592789,0.43311264232942526,1.0,-1.701433835554859,0.5033728578871336,1.0,-1.697558169832133,0.5179849393406399,1.0,-1.7888316817875214,0.6263179107038402,1.0,-1.7038123454359781,0.618024894291538,1.0,-1.7050238292357907,0.6151867306268388,1.0,-1.6690202983644324,0.6169370997712037,1.0,-1.526993874610085,0.5689112529906586,1.0,-1.4423262409956086,0.5632408026865213,1.0,-1.4357165452889193,0.5219085515740703,1.0,-1.4646394307970947,0.5050841000638709,1.0,-1.5346850568723625,0.5871432856210035,0.5,-1.4955135436779756,0.6099545710576629,0.5
0,1.298208468077269,0.8332699215887845,1.0,1.2869717363491506,0.8265534787374551,1.0,1.2749594643898308,0.8118097725158404,1.0,1.2958092180982144,0.816509269428688,1.0,1.2878214234033443,0.793010428515334,1.0,1.280803453418158,0.7929507971512917,1.0,1.2741976037209086,0.8058289883663751,1.0,1.2722165913704542,0.7983067633359877,1.0,1.2852059068838462,0.8017404787201879,1.0,1.2737534533560693,0.7999460310881552,1.0,1.2613798442954607,0.80323648556926,1.0,1.259725056554523,0.7932698575415247,1.0,1.2670985269087647,0.7870260983186288,1.0,1.3042821603224095,0.8181719279035671,1.0,1.3295401436138026,0.8245033828569446,1.0,1.3172965633603142,0.7946487758733867,1.0,1.290855738897949,0.787232752032885,1.0,1.3179384946169712,0.8032202248066018,1.0,1.314574193996929,0.8160568938789067,1.0,1.2864708367653213,0.7972042725918107,1.0,1.3087880467284112,0.817790624922044,1.0,1.320956529668189,0.8171998846532945,1.0,1.3227992164079805,0.8193773234033576,1.0,1.3033470644926723,0.7649783756797074,1.0,1.3019013408432107,0.7573889080762128,1.0,1.302471545581569,0.7528094244867716,1.0,1.3135336526979478,0.7610902613031456,1.0,1.3274088510844628,0.7571094050830873,1.0,1.32716714827387,0.7636180672430625,1.0,1.3304903669712642,0.7598148717358886,1.0,1.3596808915957437,0.7412125837261012,1.0,1.3682003820350814,0.7356425943804487,1.0,1.3518941623935128,0.7110537553529943,1.0,1.376476176443594,0.6895504102777557,1.0,1.3486084262018374,0.6713807817802216,1.0,1.3520245681130254,0.6675939572075522,1.0,1.33329017012264,0.6807999728850539,1.0,1.313446560783447,0.6733780504966517,1.0,1.4251056712505932,0.6819184639209,1.0,1.4208870602092003,0.6971885037840025,1.0,1.4334472989998281,0.7484862793700952,0.75,1.4268336699827024,0.7484862793700952,0.75,1.4132245029554003,0.8661289193125092,0.75,1.5699767722510665,0.8630951724230965,1.0,1.5167426060009364,1.1563990729586968,0.75,-1.6517546265764418,0.6110124281559707,0.5,-1.6018330245829737,0.5946540139837295,0.5,-1.598623274453286,0.5756248898712006,0.25,-1.647489483712084,0.5957618667929155,0.25,-1.6168082362807499,0.569070726861685,0.25,-1.5887123881208165,0.5565604761091794,0.25,-1.5585916253738357,0.57471564799734,0.25,-1.5715620275712865,0.5795545618789307,0.25,-1.5864019619228789,0.5870408249776291,0.25,-1.580304086465731,0.5870559581876946,0.25,-1.5624022001803597,0.5987102159927403,0.25,-1.5590656519942396,0.5947634696155555,0.25,-1.5759042364201565,0.6001620669261176,0.25,-1.6468843961472661,0.6246528094465392,0.25,-1.6576346354380367,0.621627343998623,0.25,-1.6069518943657812,0.5503798116241901,0.25,-1.5600612328628127,0.5268124517278154,0.25,-1.5909277145219196,0.5368662104758118,0.25,-1.6155958469414398,0.5406915165377105,0.25,-1.6064648924288345,0.5316691090425887,0.25,-1.6180446788011669,0.5420744986040403,0.25,-1.6286898860231855,0.5458038464056619,0.25,-1.6374752240972619,0.5391571700545604,0.25,-1.6050190177726449,0.4496133788075646,1.0,-1.6125945528631407,0.4458632187251777,1.0,-1.6143467283768862,0.4700918140085289,1.0,-1.6429096312247573,0.48283677575747924,1.0,-1.644521185006634,0.4856684884377647,1.0,-1.6568944241365768,0.4910691180065111,1.0,-1.6430312245507714,0.48256344129094353,1.0,-1.6327554303159544,0.4522876974725579,1.0,-1.6443458446370947,0.45300095755308206,1.0,-1.6209321366091367,0.4346685438810926,1.0,-1.6016677106395363,0.42245230381290094,1.0,-1.5763686517052897,0.41560924357758056,1.0,-1.5766244315534566,0.4295999075732558,1.0,-1.5826512332177007,0.4427639399593118,1.0,-1.5707435238038436,0.4510141890998991,1.0,-1.6494043126452695,0.4814069432320395,1.0,-1.6050286558498539,0.4669557862577701,1.0,-1.622049306912271,0.4839411186850649,1.0,-1.622049306912271,0.4839411186850649,1.0,-1.650623943804562,0.5133617207516608,1.0,-1.7103913964424373,0.47915064343843594,1.0,-1.839597216208711,0.6369655290452989,1.0
0,1.2912829367773813,0.9910376348226793,0.75,1.3275900494699562,1.0199900543627385,0.75,1.3096963128004533,1.0148994592709113,0.75,1.3228123981894335,0.9787858209846363,1.0,1.3046564366431028,0.9395937996498216,1.0,1.3490225789349153,0.9176636725276565,1.0,1.3866132559615896,0.8965452485324944,1.0,1.375038702220712,0.8368293721077814,1.0,1.3852801641886974,0.8064748623828816,1.0,1.4073927449462098,0.788596808151765,1.0,1.5596866199567467,0.8029851603518284,1.0,1.6011429408186033,0.7854581814284269,1.0,1.6124157646054873,0.7880874720674953,1.0,1.5406380761848382,0.80696858648391,1.0,1.4807785580044184,0.7394953654351915,1.0,1.4238726433480975,0.7274199434418593,1.0,1.3974753309750094,0.7572787495195372,1.0,1.38616637583468,0.7627205846547305,1.0,1.4908387027808605,0.818715980410405,1.0,1.4989041602521447,0.8246696841017652,1.0,1.5169707067328753,0.7341541593988553,1.0,0.0,0.0,0.0,1.3812131317428737,0.6995318717023579,1.0,1.4401071704493547,0.7123279507523234,1.0,1.4506872324660807,0.7140468886588506,1.0,1.418140059574325,0.7402909936722525,0.0,1.3831945222091848,0.6951050834453338,0.25,1.4824365076819301,0.8370461817676366,1.0,1.5098208593692661,0.7084878058967248,1.0,1.4552754520885673,0.7185173362920871,0.75,1.4138519708632311,0.7270522246978351,1.0,1.4049095763811974,0.6396082905585925,1.0,1.5204785196025072,0.6885439449953162,1.0,1.5036985466674604,0.7522343490586432,1.0,1.4863538292066738,0.8122409588048282,1.0,-1.6633759024173547,0.5322649826604702,1.0,1.4867345800441552,0.9169254769202617,0.25,-1.6473047325197012,0.4763122402332796,1.0,1.5113195637208054,0.9485982610806213,0.75,1.5367842449689713,0.9719023801294994,1.0,1.469450853847917,0.9311555588748591,1.0,1.4383020728749103,0.820070084943861,1.0,1.4680437458265745,0.7530506881805576,1.0,1.453141914528973,0.6952288456520342,1.0,1.459837064240993,0.7079030964698976,1.0,-1.5628555780737416,0.7302755907390284,0.25,-1.5625045175532541,0.7353269598239789,0.25,-1.5677921525683258,0.7373101918287962,0.25,-1.605002891120944,0.7666342927566132,0.25,-1.5862802691308424,0.7516288609135208,0.25,-1.5374049569025405,0.7204842536745681,0.5,-1.5261204515846822,0.6521418419048368,0.75,-1.5560830713987288,0.6034248714981895,1.0,-1.5784051276993405,0.5728532852507335,1.0,-1.5527812193043065,0.5192784044803391,1.0,-1.5297518827641452,0.5022976053095415,1.0,-1.532348541709139,0.5010134214137417,1.0,-1.4336333534246628,0.41554082141728277,1.0,-1.4381114306460694,0.37389248529258584,1.0,-1.5022540002809015,0.34782824369747833,1.0,-1.4986906715935453,0.31128406967885175,1.0,-1.4973743267122612,0.2593574275941582,1.0,-1.4672314624598728,0.2161111387028952,1.0,-1.5184530264783862,0.2012480649497101,1.0,-1.5022035977277912,0.16446132509724753,1.0,-1.445769219168322,0.24188228145610133,1.0,-1.470544433387946,0.35719551525820326,1.0,-1.5032216087942019,0.4228624075791785,0.25,-1.6480081455019298,0.5551048052493381,0.75,-1.6606088707684465,0.5911373237286806,1.0,-1.7208121207891776,0.5252122210384145,1.0,-1.6875041427407407,0.44922061227008936,1.0,-1.7410502793401506,0.4500939688032819,1.0,-1.741544646930304,0.45523921361512415,1.0,-1.7608194151762961,0.44707552972055525,1.0,-1.7763671432150259,0.49111350222383393,1.0,-1.7688429317420677,0.5288633137138145,1.0,-1.803339159748557,0.6048804096113115,1.0,-1.7587053358263762,0.7195311936038364,1.0,-1.6979612751711988,0.614634054092371,1.0,-1.6298618887032923,0.5568079993258436,1.0,0.0,0.0,0.0,0.0,0.0,0.0,-1.5770500140021002,0.48391302369175815,1.0,-1.523820425592954,0.44782623790999154,1.0,-1.6126291339278893,0.5350938782027345,1.0,-1.5934443561276863,0.5907181092273526,1.0,-1.5225931422380414,0.6477465724036345,1.0,-1.4342813271598867,0.6952288456520342,1.0,-1.4292356492646592,0.7848517643840917,1.0
1,0.0,0.0,0.0,0.0,0.0,0.0,0.0,0.0,0.0,0.0,0.0,0.0,0.0,0.0,0.0,0.0,0.0,0.0,0.0,0.0,0.0,0.0,0.0,0.0,0.0,0.0,0.0,0.0,0.0,0.0,0.0,0.0,0.0,0.0,0.0,0.0,0.0,0.0,0.0,0.0,0.0,0.0,0.0,0.0,0.0,0.0,0.0,0.0,0.0,0.0,0.0,0.0,0.0,0.0,0.0,0.0,0.0,0.0,0.0,0.0,0.0,0.0,0.0,0.0,0.0,0.0,0.0,0.0,0.0,0.0,0.0,0.0,0.0,0.0,0.0,0.0,0.0,0.0,0.0,0.0,0.0,0.0,0.0,0.0,0.0,0.0,0.0,0.0,0.0,0.0,0.0,0.0,0.0,0.0,0.0,0.0,0.0,0.0,0.0,0.0,0.0,0.0,0.0,0.0,0.0,0.0,0.0,0.0,0.0,0.0,0.0,0.0,0.0,0.0,0.0,0.0,0.0,0.0,0.0,0.0,0.0,0.0,0.0,0.0,0.0,0.0,0.0,0.0,0.0,0.0,0.0,0.0,0.0,0.0,0.0,-1.2960591863504791,0.41657769715593074,1.0,-1.239397956351741,0.3597400537815422,1.0,-1.1085133652173436,0.1956837313896782,1.0,-1.0737637047472801,0.16658192811221076,1.0,-1.010995664254885,0.12638254867581983,1.0,-0.98795184946132,0.11676757642119152,1.0,-0.9223556151711435,0.09967287686259046,1.0,-0.936668903216475,0.08207088046856001,1.0,-0.9298697156158412,0.09219833711379026,1.0,-0.8728707241791475,0.07723537015363133,1.0,-0.8700042555681085,0.06879176114691489,1.0,-0.8841399226849249,0.06599796516682044,1.0,-0.9104415244019204,0.09671824874795172,1.0,-0.8731150369806298,0.0713767001834712,1.0,-0.8734163716172428,0.06381410978913171,1.0,-0.8892795924277273,0.07791366862752784,1.0,-0.8877814887594078,0.0743026831203589,1.0,-0.914974001237864,0.07517227658953461,1.0,-0.932859639603422,0.08082965651673961,1.0,-0.9514457826221012,0.09485941132212841,1.0,-0.9745423828961288,0.09850201908110563,1.0,-0.9743973472715073,0.09514052792859354,1.0,-0.9617068748980611,0.09736332425629608,1.0,-0.9443554100272505,0.09063523793346052,1.0,-0.9267299506354914,0.07917121489448342,1.0,-0.9021555017595165,0.09067823512009995,1.0,-0.9302140734309667,0.07664358217637901,1.0,-0.9026862380730619,0.07710660885370275,1.0,-0.9668113837963218,0.06669043733615483,1.0,-1.043842395158049,0.06324109508531336,1.0,-1.111180687532648,0.06405191211966826,1.0,-1.2548407478136046,0.12770096669153624,1.0,-1.4145772020688603,0.1226418544092312,1.0,-1.480619084364907,0.11942757728774295,1.0,-1.5547892621920891,0.10382703950174962,1.0,-1.6631386752719794,0.1239020354001784,1.0,-1.730268300572409,0.1454521199270815,1.0,-1.7513961644704292,0.16281106055157218,1.0,-1.5606821505039639,0.2604120633669786,1.0,-1.530521911540632,0.24706980886905033,1.0,-1.5604290749486374,0.3064801518777539,1.0,-1.5507488506164384,0.2871110099466074,1.0,-1.5576018278064585,0.2935298519720926,1.0,-1.5212341247578725,0.2899888040979248,1.0,-1.5158312036339845,0.2816779133392046,1.0
1,0.0,0.0,0.0,0.0,0.0,0.0,0.0,0.0,0.0,0.0,0.0,0.0,0.0,0.0,0.0,0.0,0.0,0.0,0.0,0.0,0.0,0.0,0.0,0.0,0.0,0.0,0.0,0.0,0.0,0.0,0.0,0.0,0.0,0.0,0.0,0.0,0.0,0.0,0.0,0.0,0.0,0.0,0.0,0.0,0.0,0.0,0.0,0.0,0.0,0.0,0.0,0.0,0.0,0.0,0.0,0.0,0.0,0.0,0.0,0.0,0.0,0.0,0.0,0.0,0.0,0.0,0.0,0.0,0.0,0.0,0.0,0.0,0.0,0.0,0.0,0.0,0.0,0.0,0.0,0.0,0.0,0.0,0.0,0.0,0.0,0.0,0.0,0.0,0.0,0.0,0.0,0.0,0.0,0.0,0.0,0.0,0.0,0.0,0.0,0.0,0.0,0.0,0.0,0.0,0.0,0.0,0.0,0.0,-1.4137340564974676,0.3384129596537125,1.0,0.0,0.0,0.0,0.0,0.0,0.0,0.0,0.0,0.0,0.0,0.0,0.0,0.0,0.0,0.0,0.0,0.0,0.0,0.0,0.0,0.0,0.0,0.0,0.0,-1.0105794234819876,0.0928426715124695,1.0,-0.987523657562269,0.0900722268318737,1.0,-0.9942161989696129,0.11003784866385066,1.0,-0.976111013107868,0.10690757011285572,1.0,-0.9502099954705341,0.11152886145390806,1.0,-0.9010238187754035,0.10794699887577262,1.0,-0.9451276136825263,0.10002853603835148,1.0,-0.8428628215719967,0.1129404122796729,1.0,-0.8380617580829034,0.09656578299541378,1.0,-0.8155046927365375,0.08208586315806941,1.0,-0.8572419813969856,0.09376774433027461,1.0,-0.8748833906902108,0.07198867896162808,1.0,-0.9792106331298701,0.03488982938662249,1.0,-1.0077959450643772,0.026659273471392658,1.0,-0.9970884940860021,0.0061608391561507325,1.0,-0.9931715295161688,-0.0017007244066741276,1.0,-0.9820542149586154,0.028183207966957634,1.0,-1.0384105804040331,0.04340714734732123,1.0,-1.0473714566409036,0.06544762523313451,1.0,-1.1698875835724032,0.10315108910749624,1.0,-1.1718738569558924,0.13778332956310757,1.0,-1.1984767349022618,0.14946044227201635,1.0,-1.2325813820067497,0.17962385676965903,1.0,-1.1784904603264084,0.17106677237325107,1.0,-1.249118060580965,0.20310042127173214,1.0,-1.2937253809952103,0.23618370100934694,1.0,-1.3079641628308603,0.2683736001003582,1.0,-1.3331227005445854,0.270864379373408,1.0,-1.3739189274449775,0.2766363746642663,1.0,-1.3986222408026336,0.287989818801792,1.0,-1.4244896228842943,0.31956400267240365,1.0,-1.447415506391023,0.31563062502560385,1.0,-1.4402808982966053,0.3096779096705602,1.0,-1.4530123371076373,0.32727601087707475,1.0,-1.416107706506722,0.3395332733641603,1.0,-1.4254851323205708,0.3404771435675528,1.0,0.0,0.0,0.0,-1.4382622645165937,0.32670596900240845,1.0,-1.4176706062091995,0.32445729048872346,1.0,-1.415546735453828,0.3094819896628275,1.0,-1.3981665861987034,0.30957240613089876,1.0,-1.409064288335168,0.29772181527068947,1.0,-1.4255548546861825,0.3062566707244054,1.0,-1.4294618317420418,0.31667938056963674,1.0,-1.3948170693712505,0.321779288058069,1.0
1,0.0,0.0,0.0,0.0,0.0,0.0,0.0,0.0,0.0,0.0,0.0,0.0,0.0,0.0,0.0,0.0,0.0,0.0,0.0,0.0,0.0,0.0,0.0,0.0,0.0,0.0,0.0,0.0,0.0,0.0,0.0,0.0,0.0,0.0,0.0,0.0,0.0,0.0,0.0,0.0,0.0,0.0,0.0,0.0,0.0,0.0,0.0,0.0,0.0,0.0,0.0,0.0,0.0,0.0,0.0,0.0,0.0,0.0,0.0,0.0,0.0,0.0,0.0,0.0,0.0,0.0,0.0,0.0,0.0,0.0,0.0,0.0,0.0,0.0,0.0,0.0,0.0,0.0,0.0,0.0,0.0,0.0,0.0,0.0,0.0,0.0,0.0,0.0,0.0,0.0,0.0,0.0,0.0,0.0,0.0,0.0,0.0,0.0,0.0,0.0,0.0,0.0,0.0,0.0,0.0,0.0,0.0,0.0,0.0,0.0,0.0,0.0,0.0,0.0,0.0,0.0,0.0,0.0,0.0,0.0,0.0,0.0,0.0,0.0,0.0,0.0,0.0,0.0,0.0,0.0,0.0,0.0,0.0,0.0,0.0,-0.8514606687357086,0.026795915360154528,1.0,-0.8442796120490834,0.03703150551318457,1.0,-0.9029152243973021,0.032855732327535934,1.0,-0.9181621521496381,0.03290883405545384,1.0,-0.8789755029629938,0.028910763491338552,1.0,-0.8914777382790793,0.03725738950078412,1.0,-0.923571804282599,0.04311790388434514,1.0,-0.9203072921881078,0.05291692844525204,1.0,-0.932451049047732,0.05781194436031142,1.0,-0.9744582021421414,0.050576097027007355,1.0,-0.9384166185659664,0.057696328334734384,1.0,-0.958740324275891,0.05662902038593349,1.0,-0.9706835116519302,0.05179528034984826,1.0,-1.0058460790964612,0.04187470846149263,1.0,-1.0002862912927752,0.04383896510930162,1.0,-1.017333775437886,0.04729136039958152,1.0,-1.0326643639911037,0.03915132662477494,1.0,-0.9934901816321412,0.0367677984685046,1.0,-1.0030395752516552,0.03914403713204595,1.0,-0.9931619458990286,0.053357514449558476,1.0,-0.9509419624046257,0.04675669082954969,1.0,-0.9729526190913537,0.05621908349302264,1.0,-1.0063512727514723,0.0636145476325159,1.0,-0.9938693041195072,0.06972304761399888,1.0,-0.9993665013825538,0.06787598494335552,1.0,-1.0276613679929558,0.06304359250344016,1.0,-1.0561185908311888,0.05526332868249435,1.0,-1.0420719166401524,0.0625188234671229,1.0,-1.1179846020545108,0.07732593412047936,1.0,-1.1620284125004352,0.07625037803460237,1.0,-1.1777533350468443,0.095585400885986,1.0,-1.2123341914461678,0.11241728665721379,1.0,-1.2401284659631602,0.13446502907893906,1.0,-1.2533935125583235,0.13101663911535769,1.0,-1.327576920562599,0.1759333638177089,1.0,-1.4351337166622822,0.2693019922248529,1.0,-1.466848153568904,0.29783884756945483,1.0,-1.5236048414235308,0.34426875549528235,1.0,-1.5338701525512175,0.34710106275578223,1.0,-1.5719598187211539,0.3433728656737247,1.0,-1.5403539906240107,0.44697066327375423,1.0,-1.615855577962241,0.4511302651956566,1.0,-1.6669709477955927,0.47580584492302724,1.0,-1.6460929319339073,0.4914219043270938,1.0,-1.6360626468218673,0.49082270772080305,1.0
1,0.0,0.0,0.0,0.0,0.0,0.0,0.0,0.0,0.0,0.0,0.0,0.0,0.0,0.0,0.0,0.0,0.0,0.0,0.0,0.0,0.0,0.0,0.0,0.0,0.0,0.0,0.0,0.0,0.0,0.0,0.0,0.0,0.0,0.0,0.0,0.0,0.0,0.0,0.0,0.0,0.0,0.0,0.0,0.0,0.0,0.0,0.0,0.0,0.0,0.0,0.0,0.0,0.0,0.0,0.0,0.0,0.0,0.0,0.0,0.0,0.0,0.0,0.0,0.0,0.0,0.0,0.0,0.0,0.0,0.0,0.0,0.0,0.0,0.0,0.0,0.0,0.0,0.0,0.0,0.0,0.0,0.0,0.0,0.0,0.0,0.0,0.0,0.0,0.0,0.0,0.0,0.0,0.0,0.0,0.0,0.0,0.0,0.0,0.0,0.0,0.0,0.0,0.0,0.0,0.0,0.0,0.0,0.0,0.0,0.0,0.0,0.0,0.0,0.0,0.0,0.0,0.0,0.0,0.0,0.0,0.0,0.0,0.0,0.0,0.0,0.0,0.0,0.0,0.0,-1.791267006802721,0.712402473335013,1.0,-1.7762693495746233,0.6961355265369679,1.0,-0.9347273895438314,0.06979409599064042,1.0,-0.8951632089573412,0.08058411312461405,1.0,-0.9080545972301112,0.07031002410532643,1.0,-0.921658743467129,0.06866141054394147,1.0,-0.9371462980244102,0.0732170995322452,1.0,-0.9177729090245316,0.07177277670636371,1.0,-0.9154303339329382,0.09185147576977894,1.0,-0.906891383510456,0.0771673677302569,1.0,-0.9249041101502937,0.07109920504285407,1.0,-0.9134678690331799,0.07283685396130862,1.0,-0.934396464857722,0.06687437321482834,1.0,-0.9199989814017487,0.06781744554816461,1.0,-0.926540442270538,0.055823588002595924,1.0,-0.9092242333015497,0.05479398304682448,1.0,-0.9228306820243346,0.06083676788050514,1.0,-0.942768338474578,0.05640077726420084,1.0,-0.9269022873504748,0.059831350173540555,1.0,-0.9266999812696814,0.07163973207840199,1.0,-0.9110896937853334,0.05867985918718859,1.0,-0.9411698697452617,0.04463170344505752,1.0,-0.9444750754178772,0.059049175852166784,1.0,-0.9713893060534085,0.06316882450503429,1.0,-0.9357992024244319,0.07753658525571355,1.0,-1.0616687985312212,0.1358744598672379,1.0,-1.0962518983426643,0.1519731460947304,1.0,-1.1651093985728018,0.18502180917367286,1.0,-1.2486972428812784,0.21413915130846872,1.0,-1.3011607920952786,0.24993400669875573,1.0,-1.3468893259841006,0.2591585742384692,1.0,-1.366291888125514,0.27137154962267507,1.0,-1.5233825416413256,0.3987114048568999,1.0,-1.5531989255487302,0.4495896121974117,1.0,-1.6279692188935697,0.4935773115625054,1.0,-1.6750542979695084,0.541577964730036,1.0,-1.7045357380961672,0.5586499723350886,1.0,-1.7533460425891128,0.5824970461565758,1.0,-1.7833037610435498,0.6218246585792255,1.0,-1.8312655706523715,0.6672473070167473,1.0,-1.8564509964373164,0.7876922532132888,1.0,-1.9059676320715717,0.7895892430353488,1.0,-1.8517621989712396,0.7359977946991648,1.0,-1.8103243573876722,0.7480026904834223,1.0,-1.8399135043774937,0.7355666108939557,1.0,0.0,0.0,0.0,0.0,0.0,0.0
1,0.0,0.0,0.0,0.0,0.0,0.0,0.0,0.0,0.0,0.0,0.0,0.0,0.0,0.0,0.0,0.0,0.0,0.0,0.0,0.0,0.0,0.0,0.0,0.0,0.0,0.0,0.0,0.0,0.0,0.0,0.0,0.0,0.0,0.0,0.0,0.0,0.0,0.0,0.0,0.0,0.0,0.0,0.0,0.0,0.0,0.0,0.0,0.0,0.0,0.0,0.0,0.0,0.0,0.0,0.0,0.0,0.0,0.0,0.0,0.0,0.0,0.0,0.0,0.0,0.0,0.0,0.0,0.0,0.0,0.0,0.0,0.0,0.0,0.0,0.0,0.0,0.0,0.0,0.0,0.0,0.0,0.0,0.0,0.0,0.0,0.0,0.0,0.0,0.0,0.0,0.0,0.0,0.0,0.0,0.0,0.0,0.0,0.0,0.0,0.0,0.0,0.0,0.0,0.0,0.0,0.0,0.0,0.0,0.0,0.0,0.0,0.0,0.0,0.0,0.0,0.0,0.0,0.0,0.0,0.0,0.0,0.0,0.0,0.0,0.0,0.0,0.0,0.0,0.0,0.0,0.0,0.0,0.0,0.0,0.0,-0.9192276043207144,0.1558148282752519,1.0,-0.8916358901323,0.15540455741295367,1.0,-0.9039835245290824,0.1629571791756594,1.0,-0.9132471077329068,0.16045209293657575,1.0,-0.861116688337285,0.14765383491499431,1.0,-0.8996688437154567,0.16452234355934092,1.0,-0.8390701550979062,0.15067550360179513,1.0,-0.8254474416223733,0.14230535979977427,1.0,-0.8530310427599849,0.14174912583099955,1.0,-0.8520202869690423,0.12445813847987199,1.0,-0.8531843248766245,0.12280887550507667,1.0,-0.8736805463276841,0.1366413218270023,1.0,-0.894765967634489,0.1346296694557308,1.0,-0.8953823685587097,0.1331369990550765,1.0,-0.8995512066916596,0.14612072915908775,1.0,-0.8760582795051572,0.12453122585529267,1.0,-0.8693508240946107,0.11041286300527935,1.0,-0.8783527311162874,0.11322581231215972,1.0,-0.8572372378176928,0.12510175196919843,1.0,-0.873465168743264,0.12344487477825539,1.0,-0.8775819996972045,0.12456364049266612,1.0,-0.8667393012289897,0.1147418792480071,1.0,-0.8817409055834448,0.11691017095049852,1.0,-0.8824849992982476,0.11978097224039154,1.0,-0.8657846935087975,0.13128945478779575,1.0,-0.8635668691102567,0.11716178329926476,1.0,-0.8493280670957675,0.11760225996369335,1.0,-0.9470512014745137,0.1181937402299108,1.0,-0.9933130266966604,0.11257370844548896,1.0,-1.0470138309358483,0.12187516484538234,1.0,-1.1332752856438624,0.186554177290608,1.0,-1.1814768926207129,0.22972798493833219,1.0,-1.2563129919147982,0.28187161105743247,1.0,-1.3153820028767957,0.31779078288912493,1.0,-1.3467480413545183,0.3376424185669987,1.0,-1.3937398510358985,0.37359585743546153,1.0,-1.4474006102874843,0.4174053329731853,1.0,-1.5141161061205117,0.5357357949275449,1.0,-1.53712252583758,0.5696490665154135,1.0,-1.5376403090182098,0.5250352210262017,1.0,-1.5326980811177435,0.5341535105805096,1.0,-1.5284963549046997,0.5418819516934523,1.0,-1.5027119170587266,0.5623911812550285,1.0,-1.4740907135656174,0.5459823379824769,1.0,-1.4353055421435255,0.5336434077644763,1.0
1,0.0,0.0,0.0,0.0,0.0,0.0,0.0,0.0,0.0,0.0,0.0,0.0,0.0,0.0,0.0,0.0,0.0,0.0,0.0,0.0,0.0,0.0,0.0,0.0,0.0,0.0,0.0,0.0,0.0,0.0,0.0,0.0,0.0,0.0,0.0,0.0,0.0,0.0,0.0,0.0,0.0,0.0,0.0,0.0,0.0,0.0,0.0,0.0,0.0,0.0,0.0,0.0,0.0,0.0,0.0,0.0,0.0,0.0,0.0,0.0,0.0,0.0,0.0,0.0,0.0,0.0,0.0,0.0,0.0,0.0,0.0,0.0,0.0,0.0,0.0,0.0,0.0,0.0,0.0,0.0,0.0,0.0,0.0,0.0,0.0,0.0,0.0,0.0,0.0,0.0,0.0,0.0,0.0,0.0,0.0,0.0,0.0,0.0,0.0,0.0,0.0,0.0,0.0,0.0,0.0,0.0,0.0,0.0,0.0,0.0,0.0,0.0,0.0,0.0,0.0,0.0,0.0,0.0,0.0,0.0,0.0,0.0,0.0,0.0,0.0,0.0,0.0,0.0,0.0,0.0,0.0,0.0,0.0,0.0,0.0,-0.8352879057054683,0.21371498415435983,1.0,-0.8347965978300844,0.21880202606479923,1.0,-0.8439794138942129,0.21920604861083096,1.0,-0.8443930430166535,0.22470254835124148,1.0,-0.8259837457104495,0.22926731265536482,1.0,-0.8451921724327316,0.23325183958360043,1.0,-0.7955038750776077,0.21389596643743305,1.0,-0.8098627065242631,0.20540522348095072,1.0,-0.794657208153492,0.19188433026596785,1.0,-0.8102788000876908,0.19422707862743666,1.0,-0.8249401444504498,0.19881206347637076,1.0,-0.8053007221701476,0.1846888944218245,1.0,-0.852681370996039,0.1776883300037146,1.0,-0.8307658114842338,0.18411221416439827,1.0,-0.8360798029299238,0.19476515334973504,1.0,-0.8493878865964285,0.18977184969838287,1.0,-0.8923212195247934,0.19358096114389814,1.0,-0.8622291736232787,0.1854594521754029,1.0,-0.8711092604916986,0.17887652659438116,1.0,-0.844956346016229,0.18240876599465655,1.0,-0.8840027844130529,0.2068942835987624,1.0,-0.9136327482459732,0.22856040079929804,1.0,-0.8929955187140382,0.2300617748504763,1.0,-0.9148154943575633,0.22531832886462724,1.0,-0.9259366702391643,0.24067475547702497,1.0,-0.917569898268246,0.24421910742196518,1.0,-1.0254411275137925,0.2610655109952793,1.0,-1.0223812612296497,0.2666782167191754,1.0,-1.23752851506837,0.3440097162917735,1.0,-1.2707876800496183,0.37269541167181525,1.0,-1.254435662789885,0.3789213653088326,1.0,-1.3213444172190876,0.4223318755208954,1.0,-1.3845603350973779,0.4619252232244313,1.0,-1.4339893893443447,0.48043819550007494,1.0,-1.4605881121152116,0.523680516679987,1.0,-1.4949291825912814,0.6369949145434736,1.0,-1.478498243805485,0.6809888152829598,1.0,-1.485143316463842,0.697981103333015,1.0,-1.4988518651552465,0.7363344797989057,1.0,-1.4400854978494315,0.6567253092319124,1.0,-1.4161360344367284,0.6507728379254456,1.0,-1.440455534591132,0.6475654071680996,1.0,-1.4237447138355703,0.6403631161808947,1.0,-1.3986995365003785,0.6354838606362767,1.0,-1.4227496092208913,0.6415072557119559,1.0
1,0.0,0.0,0.0,0.0,0.0,0.0,0.0,0.0,0.0,0.0,0.0,0.0,0.0,0.0,0.0,0.0,0.0,0.0,0.0,0.0,0.0,0.0,0.0,0.0,0.0,0.0,0.0,0.0,0.0,0.0,0.0,0.0,0.0,0.0,0.0,0.0,0.0,0.0,0.0,0.0,0.0,0.0,0.0,0.0,0.0,0.0,0.0,0.0,0.0,0.0,0.0,0.0,0.0,0.0,0.0,0.0,0.0,0.0,0.0,0.0,0.0,0.0,0.0,0.0,0.0,0.0,0.0,0.0,0.0,0.0,0.0,0.0,0.0,0.0,0.0,0.0,0.0,0.0,0.0,0.0,0.0,0.0,0.0,0.0,0.0,0.0,0.0,0.0,0.0,0.0,0.0,0.0,0.0,0.0,0.0,0.0,0.0,0.0,0.0,0.0,0.0,0.0,0.0,0.0,0.0,0.0,0.0,0.0,0.0,0.0,0.0,0.0,0.0,0.0,0.0,0.0,0.0,0.0,0.0,0.0,0.0,0.0,0.0,0.0,0.0,0.0,0.0,0.0,0.0,0.0,0.0,0.0,0.0,0.0,0.0,-0.8328028556979717,0.28053681864410446,1.0,-0.839227283194092,0.2816036682251231,1.0,-0.8457594297324601,0.2709108490858809,1.0,-0.8389612532726699,0.2749504294520842,1.0,-0.8346829175010514,0.27264183563670763,1.0,-0.8457208740539789,0.2846878422012075,1.0,-0.8481665026900672,0.26945315276924076,1.0,-0.834030567702609,0.2619348015028568,1.0,-0.825776535065515,0.23870588414737046,1.0,-0.8198085695761218,0.2451152969632028,1.0,-0.8107501075902498,0.2481969586530347,1.0,-0.8005990679738479,0.23032106950507072,1.0,-0.8072042328641466,0.22908605033465876,1.0,-0.8178378795729662,0.2280135042033695,1.0,-0.8010900259748166,0.2117590618311666,1.0,-0.833255606869529,0.22284428684338992,1.0,-0.8243486130174993,0.20022791080427277,1.0,-0.8246100693866855,0.21113615921863826,1.0,-0.8274307043951347,0.20646324493985269,1.0,-0.8337051631851622,0.22229600816363332,1.0,-0.8294403232734772,0.2228901277125379,1.0,-0.8362456397202633,0.23769233925129257,1.0,-0.8337426064843432,0.23491794638683985,1.0,-0.8393870415735624,0.2369585900446722,1.0,-0.7959042396922688,0.2378979520394434,1.0,-0.8117908227712111,0.23320431688029303,1.0,-0.8487436551355452,0.22782605049245708,1.0,-0.860131701000648,0.23123941876810916,1.0,-1.0526974893796084,0.2220086993112869,1.0,-1.0906808316429337,0.23750508468177678,1.0,-1.089992462265365,0.26385279188665656,1.0,-1.1406650861529437,0.29003939395637773,1.0,-1.1571237023642766,0.2977355694575202,1.0,-1.2112601542811696,0.31355237119073665,1.0,-1.2188902523376737,0.32616552996017056,1.0,-1.3832852139830587,0.3641658059835438,1.0,-1.3968843323667917,0.3638624442398784,1.0,-1.421459974768513,0.37764184777002846,1.0,-1.4796677676622094,0.3975411665822662,1.0,-1.5272227248158812,0.3972274211275299,1.0,-1.652122985213308,0.5035652572645315,1.0,-1.6415949103287297,0.5090110753942387,1.0,-1.6562947115840763,0.5406884996482006,1.0,-1.681944598921328,0.5769800491059985,1.0,-1.6605597983793403,0.5914086763452415,1.0
1,0.0,0.0,0.0,0.0,0.0,0.0,0.0,0.0,0.0,0.0,0.0,0.0,0.0,0.0,0.0,0.0,0.0,0.0,0.0,0.0,0.0,0.0,0.0,0.0,0.0,0.0,0.0,0.0,0.0,0.0,0.0,0.0,0.0,0.0,0.0,0.0,0.0,0.0,0.0,0.0,0.0,0.0,0.0,0.0,0.0,0.0,0.0,0.0,0.0,0.0,0.0,0.0,0.0,0.0,0.0,0.0,0.0,0.0,0.0,0.0,0.0,0.0,0.0,0.0,0.0,0.0,0.0,0.0,0.0,0.0,0.0,0.0,0.0,0.0,0.0,0.0,0.0,0.0,0.0,0.0,0.0,0.0,0.0,0.0,0.0,0.0,0.0,0.0,0.0,0.0,0.0,0.0,0.0,0.0,0.0,0.0,0.0,0.0,0.0,0.0,0.0,0.0,0.0,0.0,0.0,0.0,0.0,0.0,0.0,0.0,0.0,0.0,0.0,0.0,0.0,0.0,0.0,0.0,0.0,0.0,0.0,0.0,0.0,0.0,0.0,0.0,0.0,0.0,0.0,0.0,0.0,0.0,0.0,0.0,0.0,-0.9016069925996327,0.10290837864378645,1.0,-0.9324622653336954,0.10849733797185308,1.0,-0.9444311488758557,0.09162817783749158,1.0,-0.9941314673535379,0.09470585083707433,1.0,-0.9594432580715697,0.11674965541076125,1.0,-0.8924730910977977,0.12890618596229933,1.0,-0.7975849785342295,0.136983597375424,1.0,-0.8478460981523855,0.13612150768985576,1.0,-0.837338880716432,0.14479318055820808,1.0,-0.822363039136489,0.1484473123313917,1.0,-0.8284148786416844,0.14618401884887244,1.0,-0.8331108942334672,0.13125092718214745,1.0,-0.8768040267130393,0.16641946768996008,1.0,-0.8754133291751557,0.16205846412282693,1.0,-0.8751570281859067,0.17954908568743358,1.0,-0.8619284525900558,0.16841906573364185,1.0,-0.9096619203402868,0.18487516140338595,1.0,-0.9187704355460427,0.17739106863062376,1.0,-0.9388865797626338,0.1793667098945698,1.0,-1.0625704225584156,0.1947851852486446,1.0,-1.095049888820159,0.21939567330079124,1.0,-1.0838582018990957,0.2234101377272012,1.0,-1.1546741877190865,0.2680568796071226,1.0,-1.2126957935636387,0.2729797926840834,1.0,-1.2745776264202253,0.300346567025808,1.0,-1.4461585012351403,0.44408210183671487,1.0,-1.6156348920181587,0.5147470542823256,1.0,-1.657026410257746,0.5292484942662283,1.0,-1.7110176682346678,0.5678017842090822,1.0,-1.726362211976204,0.5700647942886069,1.0,-1.761632078211525,0.6699835928092909,1.0,-1.8671833455921851,0.6436411500731399,1.0,-1.8876514999740908,0.6650698804119982,1.0,-1.7939334312818442,0.6265500497141697,1.0,-1.9121684148430316,0.6875242772445472,1.0,-1.8132558059634927,0.6214526245721457,1.0,-1.799008869558873,0.6325378644475881,1.0,-1.8071375940104206,0.6437679031498462,1.0,-1.7861512221892768,0.6133512084042094,1.0,-1.7814024177366572,0.6071804779601384,1.0,-1.7792689582678267,0.6165661671719757,1.0,-1.743077639655519,0.6005215468146843,1.0,-1.7501170844995073,0.5710405609802157,1.0,-1.7549684903254696,0.577668373450859,1.0,-1.7536889252740495,0.6014723670620268,1.0
1,0.0,0.0,0.0,0.0,0.0,0.0,0.0,0.0,0.0,0.0,0.0,0.0,0.0,0.0,0.0,0.0,0.0,0.0,0.0,0.0,0.0,0.0,0.0,0.0,0.0,0.0,0.0,0.0,0.0,0.0,0.0,0.0,0.0,0.0,0.0,0.0,0.0,0.0,0.0,0.0,0.0,0.0,0.0,0.0,0.0,0.0,0.0,0.0,0.0,0.0,0.0,0.0,0.0,0.0,0.0,0.0,0.0,0.0,0.0,0.0,0.0,0.0,0.0,0.0,0.0,0.0,0.0,0.0,0.0,0.0,0.0,0.0,0.0,0.0,0.0,0.0,0.0,0.0,0.0,0.0,0.0,0.0,0.0,0.0,0.0,0.0,0.0,0.0,0.0,0.0,0.0,0.0,0.0,0.0,0.0,0.0,0.0,0.0,0.0,0.0,0.0,0.0,0.0,0.0,0.0,0.0,0.0,0.0,0.0,0.0,0.0,0.0,0.0,0.0,0.0,0.0,0.0,0.0,0.0,0.0,0.0,0.0,0.0,0.0,0.0,0.0,0.0,0.0,0.0,0.0,0.0,0.0,0.0,0.0,0.0,-1.6956148585811004,0.5116232498630573,1.0,-1.6869007656856216,0.49713957776297873,1.0,-1.693031774026733,0.49127721722218043,1.0,-1.6533852408702965,0.47465009655091583,1.0,-1.6845190474722567,0.48966959865354326,1.0,-1.7431519889367415,0.48834299366349365,1.0,-1.6877521995914349,0.4801631609088089,1.0,-1.724191211680254,0.4812491895860328,1.0,-1.6089244658760526,0.45876108060083565,1.0,-1.5345131473559144,0.4551044699491719,1.0,-1.4939527737036058,0.45051545034412316,1.0,-1.3413890913488082,0.35675144957242017,1.0,-1.243908735597044,0.2594986209795591,1.0,-1.20250762295374,0.22735531499569528,1.0,-1.1825311395143576,0.21143964586177919,1.0,-1.0900878939124174,0.20556586530197926,1.0,-1.0406964236345924,0.17685472599266333,1.0,-0.8766455388246895,0.1607699424529595,1.0,-0.9170119029121699,0.1782783796795304,1.0,-0.8755349897363985,0.14203976361242288,1.0,-0.867632623296426,0.14643715536491161,1.0,-0.8838734980684333,0.14061259519366406,1.0,-0.9956259484042219,0.16165502158398146,1.0,-1.058963048120456,0.16619030356774056,1.0,-1.332949268617033,0.25797260673221156,1.0,-1.463938098482307,0.37034065422516416,1.0,-1.5545937826779617,0.47754899074261753,1.0,-1.568589870984625,0.46929000535519194,1.0,-1.5577823197883611,0.4620740893704224,1.0,-1.597462578864948,0.47931704864776553,1.0,-1.5787871373239277,0.468867683618884,1.0,-1.5156803498500437,0.4684254069799065,1.0,-1.5278660053162825,0.45032011172937364,1.0,-1.5643721876400676,0.4657778260934808,1.0,-1.563560918047183,0.46600241994030817,1.0,-1.5355087426329204,0.4588052270451827,1.0,-1.5289929526199215,0.47591803028783797,1.0,-1.5296787380058683,0.473655197777977,1.0,-1.5809534918587766,0.49638399139864037,1.0,-1.586122181662583,0.49973920505315256,1.0,-1.580293001580834,0.4968205494961204,1.0,-1.5631431523992765,0.49228952385131125,1.0,-1.5775836395555758,0.4962891818350765,1.0,-1.5491918587634037,0.46752769900911745,1.0,-1.5838371904124335,0.46004936650634815,1.0
1,0.0,0.0,0.0,0.0,0.0,0.0,0.0,0.0,0.0,0.0,0.0,0.0,0.0,0.0,0.0,0.0,0.0,0.0,0.0,0.0,0.0,0.0,0.0,0.0,0.0,0.0,0.0,0.0,0.0,0.0,0.0,0.0,0.0,0.0,0.0,0.0,0.0,0.0,0.0,0.0,0.0,0.0,0.0,0.0,0.0,0.0,0.0,0.0,0.0,0.0,0.0,0.0,0.0,0.0,0.0,0.0,0.0,0.0,0.0,0.0,0.0,0.0,0.0,0.0,0.0,0.0,0.0,0.0,0.0,0.0,0.0,0.0,0.0,0.0,0.0,0.0,0.0,0.0,0.0,0.0,0.0,0.0,0.0,0.0,0.0,0.0,0.0,0.0,0.0,0.0,0.0,0.0,0.0,0.0,0.0,0.0,0.0,0.0,0.0,0.0,0.0,0.0,0.0,0.0,0.0,-1.8589087010688028,0.45019788390817617,1.0,0.0,0.0,0.0,0.0,0.0,0.0,0.0,0.0,0.0,0.0,0.0,0.0,0.0,0.0,0.0,0.0,0.0,0.0,0.0,0.0,0.0,0.0,0.0,0.0,0.0,0.0,0.0,-0.9555090036955401,0.15909987052969302,1.0,-0.946693153405955,0.15102475838610804,1.0,-0.9147470517696535,0.1502103762048601,1.0,-0.9621591003809042,0.14749735195419217,1.0,-0.9425535320361733,0.1592147014620773,1.0,-0.9803021193219584,0.15342310296010264,1.0,-0.9550499310343075,0.1535000231897538,1.0,-0.9720796200991739,0.15582681025791384,1.0,-0.9920836366471493,0.15428665534295088,1.0,-1.0058668637983739,0.14083562419347295,1.0,-0.9507925701810713,0.14537624260455767,1.0,-0.961027891018322,0.14128337190323298,1.0,-0.9479312106683925,0.14251083615059057,1.0,-0.9303045318101447,0.14428809248785399,1.0,-0.9532080889157006,0.15370303393343596,1.0,-0.9557925063730566,0.1419110687693988,1.0,-0.9406142750584923,0.15680214786908617,1.0,-0.9285232212763597,0.14455858528276708,1.0,-0.9305629328133848,0.14428806289925047,1.0,-0.9376482662006775,0.15491538402670635,1.0,-0.9121875283819957,0.1610853718756457,1.0,-0.9422300680018479,0.15402326675594458,1.0,-0.9475585333659362,0.15533697889319162,1.0,-0.9199707212634157,0.15543460977580997,1.0,-0.9413986540035042,0.14222932100820831,1.0,-0.9404788495778318,0.15442563030843537,1.0,-0.9594418023236374,0.1584693980894423,1.0,-0.9317745332170605,0.14659328833640875,1.0,-0.985973869593656,0.1302415550538082,1.0,-1.066523047842938,0.12241889672946185,1.0,-1.2777883545889626,0.27801612302655,0.75,0.0,0.0,0.0,-1.6654119649010635,0.2757136169443334,1.0,-1.7632164263201284,0.40495895961061457,1.0,-1.817564486739268,0.4407397118539209,1.0,0.0,0.0,0.0,-1.7942700101468256,0.4312296112327739,1.0,-1.817931016788017,0.43242109022493597,1.0,-1.7856093330933758,0.41476096566587295,1.0,-1.7528856764796865,0.4320026171232494,1.0,-1.8211043978603623,0.5216019632997752,1.0,-1.8176725737092105,0.5038073828662976,1.0,-1.7977463332501156,0.5196496330571888,1.0,-1.8145521384052854,0.5332285374270108,1.0,-1.7687574130388999,0.5262503018201768,1.0
1,0.0,0.0,0.0,0.0,0.0,0.0,0.0,0.0,0.0,0.0,0.0,0.0,0.0,0.0,0.0,0.0,0.0,0.0,0.0,0.0,0.0,0.0,0.0,0.0,0.0,0.0,0.0,0.0,0.0,0.0,0.0,0.0,0.0,0.0,0.0,0.0,0.0,0.0,0.0,0.0,0.0,0.0,0.0,0.0,0.0,0.0,0.0,0.0,0.0,0.0,0.0,0.0,0.0,0.0,0.0,0.0,0.0,-1.7023445188736592,0.574251515205929,1.0,0.0,0.0,0.0,-1.9999104986379848,0.8575747952616003,1.0,-2.076930549421097,0.9290179282683901,1.0,-2.0959884000847167,0.9632903631307274,1.0,-2.073682179406289,0.9723785228778699,1.0,-2.1022608994606675,0.9633428055467056,1.0,-2.08422684995403,0.9800429908226477,1.0,-2.062328301349392,0.9437179313764245,1.0,0.0,0.0,0.0,-2.1253497935204955,1.0099514442402355,1.0,0.0,0.0,0.0,0.0,0.0,0.0,0.0,0.0,0.0,0.0,0.0,0.0,0.0,0.0,0.0,0.0,0.0,0.0,0.0,0.0,0.0,0.0,0.0,0.0,0.0,0.0,0.0,0.0,0.0,0.0,0.0,0.0,0.0,0.0,0.0,0.0,0.0,0.0,0.0,0.0,0.0,0.0,0.0,0.0,0.0,-0.7329418987474181,0.25854447382694606,1.0,-0.7042634760193721,0.2394619412274989,1.0,-0.7038631268369616,0.21891266264440315,1.0,-0.7274966142920093,0.2330814079394938,1.0,-0.7197827366057099,0.22212563778129626,1.0,-0.7641057461606029,0.23901279830968694,1.0,-0.7500698659694064,0.2347952056920529,1.0,-0.7492281034417179,0.23031658845754518,1.0,-0.7811426242858078,0.24288957309155157,1.0,-0.7599855501759858,0.23014853823509934,1.0,-0.7665895427182661,0.22793178594457975,1.0,-0.7927552583274399,0.21396907152796846,1.0,-0.791695110921524,0.2001199631240234,1.0,-0.8349935697241777,0.2066039698881482,1.0,-0.9756107919018392,0.2661679843576479,1.0,0.0,0.0,0.0,0.0,0.0,0.0,0.0,0.0,0.0,-1.6286630637315525,0.47884886978866076,1.0,0.0,0.0,0.0,0.0,0.0,0.0,0.0,0.0,0.0,0.0,0.0,0.0,0.0,0.0,0.0,0.0,0.0,0.0,0.0,0.0,0.0,0.0,0.0,0.0,0.0,0.0,0.0,-2.053430748908999,0.9724673838877721,1.0,0.0,0.0,0.0,-2.0596588057910457,0.9554628840518923,1.0,-2.067985496503761,0.9864120123468193,1.0,-2.045503067940964,1.0135723514362978,1.0,-2.1044296359052694,1.1048326145316207,1.0,-2.058319565022235,1.1046011147300512,1.0,-2.010583026368668,0.981154706260444,1.0,-1.9596403437385395,0.9596466999808063,1.0,-1.9579307727874435,0.9822081820442985,1.0,-1.942810862420656,0.9457550107778658,1.0,-2.0217169255280862,0.9704983812089278,1.0,-2.0011220039665334,0.999237889462079,1.0,-2.0147583085938345,0.9715255282755566,1.0,-2.0316963061082416,0.9998244338118483,1.0,-2.021746759969415,1.0191951039294045,1.0,-2.035011426171273,1.0088510198498781,1.0
1,0.0,0.0,0.0,0.0,0.0,0.0,0.0,0.0,0.0,0.0,0.0,0.0,0.0,0.0,0.0,0.0,0.0,0.0,0.0,0.0,0.0,0.0,0.0,0.0,0.0,0.0,0.0,0.0,0.0,0.0,0.0,0.0,0.0,0.0,0.0,0.0,0.0,0.0,0.0,0.0,0.0,0.0,0.0,0.0,0.0,0.0,0.0,0.0,0.0,0.0,0.0,0.0,0.0,0.0,0.0,0.0,0.0,0.0,0.0,0.0,0.0,0.0,0.0,0.0,0.0,0.0,0.0,0.0,0.0,0.0,0.0,0.0,0.0,0.0,0.0,0.0,0.0,0.0,0.0,0.0,0.0,0.0,0.0,0.0,0.0,0.0,0.0,0.0,0.0,0.0,0.0,0.0,0.0,0.0,0.0,0.0,0.0,0.0,0.0,-1.9242877577933044,0.8353198046770884,1.0,-1.9173255730443708,0.8470647851803074,1.0,-1.9436536032838656,0.811135855991265,1.0,0.0,0.0,0.0,-1.9328332709234637,0.8309986886527017,1.0,0.0,0.0,0.0,0.0,0.0,0.0,0.0,0.0,0.0,0.0,0.0,0.0,0.0,0.0,0.0,0.0,0.0,0.0,0.0,0.0,0.0,-0.8647411740683608,0.25623385062548093,1.0,-0.8320897359338288,0.24473937876262006,1.0,-0.8203043232073332,0.2486578591922668,1.0,-0.857560876697348,0.2568006440049819,1.0,-0.847369418922295,0.25576193790079,1.0,-0.8770492812414599,0.2534306810130865,1.0,-0.8461519246931958,0.26912699000216134,1.0,-0.8266133853435547,0.24490831595043286,1.0,-0.7878567775898369,0.24162226205278273,1.0,-0.770199121727134,0.24166140574061803,1.0,-0.8156246947313897,0.24133543537749597,1.0,-0.8042347907487953,0.23126951618881178,1.0,-0.8497485327855644,0.2390601442793097,1.0,-0.8915300290518743,0.22365194785710577,1.0,-0.9357839947407194,0.23100484284755823,1.0,-1.005003590227698,0.23411751543200782,1.0,-1.0378470476436226,0.25407396859523884,1.0,-1.1473339472466355,0.276898134925652,1.0,-1.149226677667107,0.26830401574514906,1.0,-1.2544224125437529,0.31240892565982276,1.0,-1.3909576275448359,0.3705147933331266,1.0,-1.4965177473387925,0.4075157031196261,1.0,-1.5460799224246746,0.5314633027385958,1.0,-1.8003779008632699,0.5780276501240218,1.0,-1.8365061859502858,0.6486371118430092,1.0,-1.904362342501194,0.6939854400321265,1.0,-1.880845188328999,0.7190793885868477,1.0,-1.9439015611184252,0.7672871494554473,1.0,-1.9191695890450526,0.7415237443475318,1.0,-1.9105026210271987,0.7831222968183585,1.0,-1.8397772321412806,0.7683791309822343,1.0,-1.8773509359587917,0.7947098864509081,1.0,-1.9049190320800164,0.7961428541942352,1.0,0.0,0.0,0.0,0.0,0.0,0.0,0.0,0.0,0.0,-1.9168395916436864,0.8294614376325397,1.0,0.0,0.0,0.0,-1.9770957087043097,0.843763066669969,1.0,-1.934653778968829,0.8361964110284841,1.0,-1.9430795045424827,0.8447793885767874,1.0,-1.938817605613147,0.8387785688869374,1.0,-1.944199035141,0.8523528263259714,1.0,-1.9511824430693825,0.8708778139495896,1.0,-1.9553184138183108,0.8784558114435863,1.0
1,0.0,0.0,0.0,0.0,0.0,0.0,0.0,0.0,0.0,0.0,0.0,0.0,0.0,0.0,0.0,0.0,0.0,0.0,0.0,0.0,0.0,0.0,0.0,0.0,0.0,0.0,0.0,0.0,0.0,0.0,0.0,0.0,0.0,0.0,0.0,0.0,0.0,0.0,0.0,0.0,0.0,0.0,0.0,0.0,0.0,0.0,0.0,0.0,0.0,0.0,0.0,0.0,0.0,0.0,0.0,0.0,0.0,0.0,0.0,0.0,0.0,0.0,0.0,0.0,0.0,0.0,0.0,0.0,0.0,0.0,0.0,0.0,0.0,0.0,0.0,0.0,0.0,0.0,0.0,0.0,0.0,0.0,0.0,0.0,0.0,0.0,0.0,0.0,0.0,0.0,0.0,0.0,0.0,0.0,0.0,0.0,0.0,0.0,0.0,0.0,0.0,0.0,0.0,0.0,0.0,0.0,0.0,0.0,0.0,0.0,0.0,0.0,0.0,0.0,0.0,0.0,0.0,0.0,0.0,0.0,0.0,0.0,0.0,0.0,0.0,0.0,0.0,0.0,0.0,0.0,0.0,0.0,0.0,0.0,0.0,-1.2917871929154472,0.47514316593534095,1.0,-1.228824353282353,0.3883980351686258,1.0,-1.2317861853583891,0.35861844522208786,1.0,-1.1510376041486585,0.28008224379056224,1.0,-1.0794398586141927,0.26060171784326974,1.0,-1.0731357482157873,0.26690582824167525,1.0,-1.0508193023850203,0.2559158623323461,1.0,-0.9765240952448956,0.23680173999441811,1.0,-0.887993375823898,0.2286584122534941,1.0,-0.8960981782291332,0.23164497762705819,1.0,-0.9039174781620721,0.2112623970585304,1.0,-0.8622056141232058,0.19466538801886266,1.0,-0.8619335707261792,0.1972968446417017,1.0,-0.856416320685738,0.21312166276139224,1.0,-0.856416320685738,0.20705783745745493,1.0,-0.9079054512022741,0.20805789088799884,1.0,-1.0001079606555359,0.23483353551909414,1.0,-1.142271129338392,0.269282693052775,1.0,-1.1047979616161778,0.2821984579898519,1.0,-1.1003836451014435,0.26568673293091327,1.0,-1.0941685376187984,0.286147849493414,1.0,-1.1192605408887761,0.2919191702975254,1.0,-1.1181936771619447,0.30332925261750987,1.0,-1.1567014997598175,0.3081990659015078,1.0,-1.3484027996344474,0.40905143759863405,1.0,-1.3715247530113448,0.4203765336629804,1.0,-1.3585228731797732,0.4351985262326599,1.0,-1.4374374586807512,0.4831466264776573,1.0,-1.466024024081511,0.49973049139172276,1.0,-1.469111153900742,0.5171484296958833,1.0,-1.4889793029100227,0.5397043439654606,1.0,-1.6152505464248044,0.6172416968237106,1.0,-1.6421882838296888,0.6323551297112698,1.0,-1.6786842000187954,0.6544700953928646,1.0,-1.6687103279095594,0.6720031428721291,1.0,-1.6999005353712227,0.6754677512808072,1.0,-1.678478536184125,0.6952852493788553,1.0,-1.6964799963061739,0.7129822588506398,1.0,-1.7140413772128416,0.7548197621260766,1.0,-1.7077287247385755,0.7978959220079345,1.0,-1.7017848345899482,0.8032793001762739,1.0,-1.7200215827899379,0.7943441898397359,1.0,-1.738024815770106,0.8627826875202903,1.0,-1.6989249993059912,0.8535133995510226,1.0,-1.737365265112141,0.8832147088328348,1.0
1,0.0,0.0,0.0,0.0,0.0,0.0,0.0,0.0,0.0,0.0,0.0,0.0,0.0,0.0,0.0,0.0,0.0,0.0,0.0,0.0,0.0,0.0,0.0,0.0,0.0,0.0,0.0,0.0,0.0,0.0,0.0,0.0,0.0,0.0,0.0,0.0,0.0,0.0,0.0,0.0,0.0,0.0,0.0,0.0,0.0,0.0,0.0,0.0,0.0,0.0,0.0,0.0,0.0,0.0,0.0,0.0,0.0,0.0,0.0,0.0,0.0,0.0,0.0,0.0,0.0,0.0,0.0,0.0,0.0,0.0,0.0,0.0,0.0,0.0,0.0,0.0,0.0,0.0,0.0,0.0,0.0,0.0,0.0,0.0,0.0,0.0,0.0,0.0,0.0,0.0,0.0,0.0,0.0,0.0,0.0,0.0,0.0,0.0,0.0,0.0,0.0,0.0,0.0,0.0,0.0,0.0,0.0,0.0,0.0,0.0,0.0,0.0,0.0,0.0,0.0,0.0,0.0,0.0,0.0,0.0,0.0,0.0,0.0,0.0,0.0,0.0,0.0,0.0,0.0,0.0,0.0,0.0,0.0,0.0,0.0,-0.8354399076776384,0.22104201225310122,1.0,-0.8767661863230826,0.2166458511551529,1.0,-0.8927162513250515,0.2312651588888679,1.0,-0.8458293049326374,0.21374614059544217,1.0,-0.826222739476693,0.21067376148694328,1.0,-0.8983252863359318,0.2329630099332986,1.0,-0.8750717269287936,0.21103187108084048,1.0,-0.8762315030916323,0.2196719428829264,1.0,-0.8625219654080613,0.22445348785186958,1.0,-0.8698333472847508,0.22557536555746832,1.0,-0.8494373648080782,0.2212946931225077,1.0,-0.838159149988377,0.20878334858349581,1.0,-0.8263275776179763,0.20989132974701302,1.0,-0.8449845010368184,0.19794445934264956,1.0,-0.8435494385757828,0.20137121916274026,1.0,-0.8348688248799037,0.19723930769302223,1.0,-0.8536783370198315,0.20680967801696104,1.0,-0.8454088876806365,0.21299409087809745,1.0,-0.8895422229241038,0.2231509220716948,1.0,-0.8917876923500611,0.23129917438776457,1.0,-0.8972334414614815,0.23987220357407726,1.0,-0.9363571678770233,0.23249852265839682,1.0,-0.9378881954761908,0.25670348823145034,1.0,-0.9644312812486238,0.2533368626250264,1.0,-1.057127073479698,0.28069799654201427,1.0,-1.117983862917061,0.334933820520784,1.0,-1.1218539960551563,0.35628530791697044,1.0,-1.1608227405510028,0.3701428950415909,1.0,-1.1994973991245437,0.40180292710738413,1.0,-1.2443199619866314,0.43916165399942714,1.0,-1.2547099465162752,0.4744845652686453,1.0,-1.3277328902396583,0.5282558191234065,1.0,-1.4849600433506462,0.660960415478286,1.0,-1.5698736999069285,0.7213716276423338,1.0,-1.5595133850864047,0.735697749474554,1.0,-1.5632754262963522,0.7598640709734055,1.0,-1.581620396864844,0.8074812017585143,1.0,-1.5809794160195256,0.8329017914174098,1.0,-1.6080383272066703,0.875366124239398,1.0,-1.645675184005273,0.9764252400307591,1.0,-1.6310434651453847,0.9264354359059198,1.0,-1.6616443772501162,0.9541483078776842,1.0,-1.6817683024558008,0.9613370877173459,1.0,-1.6537221971420328,0.9451631296259185,1.0,-1.6751323336012676,0.9494398977494262,1.0
1,0.0,0.0,0.0,0.0,0.0,0.0,0.0,0.0,0.0,0.0,0.0,0.0,0.0,0.0,0.0,0.0,0.0,0.0,0.0,0.0,0.0,0.0,0.0,0.0,0.0,0.0,0.0,0.0,0.0,0.0,0.0,0.0,0.0,0.0,0.0,0.0,0.0,0.0,0.0,0.0,0.0,0.0,0.0,0.0,0.0,0.0,0.0,0.0,0.0,0.0,0.0,0.0,0.0,0.0,0.0,0.0,0.0,0.0,0.0,0.0,0.0,0.0,0.0,0.0,0.0,0.0,0.0,0.0,0.0,0.0,0.0,0.0,0.0,0.0,0.0,0.0,0.0,0.0,0.0,0.0,0.0,0.0,0.0,0.0,0.0,0.0,0.0,0.0,0.0,0.0,0.0,0.0,0.0,0.0,0.0,0.0,0.0,0.0,0.0,0.0,0.0,0.0,0.0,0.0,0.0,0.0,0.0,0.0,0.0,0.0,0.0,0.0,0.0,0.0,0.0,0.0,0.0,0.0,0.0,0.0,0.0,0.0,0.0,0.0,0.0,0.0,0.0,0.0,0.0,0.0,0.0,0.0,0.0,0.0,0.0,-0.8773638692176714,0.24194203501271724,1.0,-0.89432717142035,0.25240324779319223,1.0,-0.8560816139524262,0.2249751015343577,1.0,-0.8822481452037676,0.23374561991105872,1.0,-0.8651614337439935,0.22229705571298455,1.0,-0.8795171898923729,0.2441678577981203,1.0,-0.8801026789027386,0.24265524447382,1.0,-0.9172055170814857,0.25690061854894236,1.0,-0.9201503526164806,0.2542817896029174,1.0,-0.8969502786879426,0.24975437984321916,1.0,-0.9172252704190312,0.24507322947214571,1.0,-0.92966583352612,0.24372068169343755,1.0,-0.9383866683114642,0.23993400552337518,1.0,-0.9340150801976831,0.24536154992316614,1.0,-0.9309614859994255,0.23902584642697342,1.0,-0.930756071821641,0.23438989541995178,1.0,-0.9004460355790335,0.2236151116237385,1.0,-0.9114179912281076,0.23149986591983376,1.0,-0.8902371056863962,0.22679045712592066,1.0,-0.9042902370569345,0.22300135615211192,1.0,-0.9033640660988952,0.21749442760562526,1.0,-0.9701714928992453,0.2390136671482588,1.0,-0.9982447003535573,0.2537431295591473,1.0,-0.9244078783128367,0.22836943372764143,1.0,-0.9710942312800354,0.23099110489553892,1.0,-1.096157216117421,0.24298966979720527,1.0,-1.1230760980451626,0.24548107198985358,1.0,-1.2161266742162684,0.3290211201031165,1.0,-1.2722080125771318,0.37739900104438295,1.0,-1.2987330172743208,0.4157947694824063,1.0,-1.3338105133254352,0.44971452897642256,1.0,-1.3877994153811093,0.4968870006621875,1.0,-1.4189446931098872,0.5024946544093822,1.0,-1.4892475027530259,0.5431288941752993,1.0,-1.6388810338628008,0.671216542510132,1.0,-1.7306937969596905,0.6972932445971752,1.0,-1.7296717458306439,0.7261388873241907,1.0,-1.75433938344656,0.7653671474171525,1.0,-1.7635604647509502,0.8008411867509463,1.0,-1.6979395303953857,0.8095367881318283,1.0,-1.7221822190837928,0.8406972285727563,1.0,-1.725253411949636,0.828577574079739,1.0,-1.6895253588555696,0.8492485076563618,1.0,-1.8298658265404626,0.8833420152542739,1.0,-1.8139461223092301,0.8836982731126648,1.0
1,0.0,0.0,0.0,0.0,0.0,0.0,0.0,0.0,0.0,0.0,0.0,0.0,0.0,0.0,0.0,0.0,0.0,0.0,0.0,0.0,0.0,0.0,0.0,0.0,0.0,0.0,0.0,0.0,0.0,0.0,0.0,0.0,0.0,0.0,0.0,0.0,0.0,0.0,0.0,0.0,0.0,0.0,0.0,0.0,0.0,0.0,0.0,0.0,0.0,0.0,0.0,0.0,0.0,0.0,0.0,0.0,0.0,0.0,0.0,0.0,0.0,0.0,0.0,0.0,0.0,0.0,0.0,0.0,0.0,0.0,0.0,0.0,0.0,0.0,0.0,0.0,0.0,0.0,0.0,0.0,0.0,0.0,0.0,0.0,0.0,0.0,0.0,0.0,0.0,0.0,0.0,0.0,0.0,0.0,0.0,0.0,0.0,0.0,0.0,0.0,0.0,0.0,0.0,0.0,0.0,0.0,0.0,0.0,0.0,0.0,0.0,0.0,0.0,0.0,0.0,0.0,0.0,-1.967250394521076,0.7116312170879662,1.0,0.0,0.0,0.0,0.0,0.0,0.0,0.0,0.0,0.0,-1.9969814400326795,0.7519883211674451,1.0,0.0,0.0,0.0,-1.0034666606806906,0.1382691814221711,1.0,-1.0381520851500925,0.14271973938071292,1.0,-0.9918552832021393,0.13637607134880708,1.0,-0.9604737468812172,0.1277281254439612,1.0,-0.9896493594226904,0.1326269155160602,1.0,-0.9803142378621191,0.1373369231023454,1.0,-0.9805293704175267,0.12417786014101,1.0,-1.001194832405801,0.1291064373915526,1.0,-0.9879978100510195,0.10865148278530243,1.0,-0.9872606989110232,0.09600335228973361,1.0,-0.9750550963174491,0.08490984193087336,1.0,-1.0011407654705007,0.0775740738654566,1.0,-0.9664388454039465,0.06146102806853618,1.0,-1.042224482488461,0.06938768436318386,1.0,-1.1263630384811787,0.05649823613628638,1.0,-1.1959324837647212,0.0759932605722789,1.0,-1.2024992639856753,0.08044916518791029,1.0,-1.230682663752803,0.09139899268183414,1.0,-1.2751672116827628,0.08373963864533256,1.0,-1.2725504411951034,0.09045066937472922,1.0,-1.2966521181400437,0.12141980548279531,1.0,-1.4019929049305697,0.20694092394212513,1.0,-1.4652553020413779,0.26163797877918976,1.0,-1.555904467572812,0.2889183697937309,1.0,-1.5890483231088857,0.3254816018936785,1.0,-1.624588168260436,0.35227993095754084,1.0,-1.6268981750641496,0.3606254289176771,1.0,-1.6740393170302614,0.3827130486675141,1.0,-1.7526021686679718,0.4168377789900824,1.0,-1.7486230920968968,0.47671200681388687,1.0,-1.7864207491822457,0.4824991591276902,1.0,-1.8336714383868353,0.5133143917644256,1.0,-1.8878372508235728,0.5483532210016956,1.0,-1.8623645237446145,0.5656890816545185,1.0,-1.869107026962136,0.6185580648186705,1.0,-1.910762492462528,0.6245404512078409,1.0,-1.8605028698895898,0.6459348750492864,1.0,-1.8825766925598593,0.6733074408838983,1.0,-1.8661330189165766,0.6885284684517899,1.0,0.0,0.0,0.0,-1.9166441252725985,0.720168678108566,1.0,-1.93320725452059,0.7165170967474273,1.0,-1.9623312980628271,0.7128435892294909,1.0,0.0,0.0,0.0,-1.9223447245527612,0.692598505971636,1.0
1,0.0,0.0,0.0,0.0,0.0,0.0,0.0,0.0,0.0,0.0,0.0,0.0,0.0,0.0,0.0,0.0,0.0,0.0,0.0,0.0,0.0,0.0,0.0,0.0,0.0,0.0,0.0,0.0,0.0,0.0,0.0,0.0,0.0,0.0,0.0,0.0,0.0,0.0,0.0,0.0,0.0,0.0,0.0,0.0,0.0,0.0,0.0,0.0,0.0,0.0,0.0,0.0,0.0,0.0,0.0,0.0,0.0,0.0,0.0,0.0,0.0,0.0,0.0,0.0,0.0,0.0,0.0,0.0,0.0,0.0,0.0,0.0,0.0,0.0,0.0,0.0,0.0,0.0,0.0,0.0,0.0,0.0,0.0,0.0,0.0,0.0,0.0,0.0,0.0,0.0,0.0,0.0,0.0,0.0,0.0,0.0,0.0,0.0,0.0,0.0,0.0,0.0,0.0,0.0,0.0,0.0,0.0,0.0,0.0,0.0,0.0,0.0,0.0,0.0,0.0,0.0,0.0,0.0,0.0,0.0,0.0,0.0,0.0,0.0,0.0,0.0,0.0,0.0,0.0,0.0,0.0,0.0,0.0,0.0,0.0,-1.9845859996614377,0.8257211785715383,1.0,-1.9655491155829756,0.7871751983332737,1.0,-1.923593527349171,0.7425563861020334,1.0,-1.889774253615448,0.7049301788595713,1.0,-1.827920881201988,0.6374390082504181,1.0,-1.5216440574262287,0.3895912205003536,1.0,-1.6089860673591079,0.48941066042364406,1.0,-1.49451382060002,0.41459087687262874,1.0,-1.3532050081747689,0.34877870937599814,1.0,-1.3169202655842456,0.3086780080698794,1.0,-1.2482854852549998,0.28550855473816417,1.0,-1.121678938605751,0.22195049074999265,1.0,-1.1105271096277107,0.20168647753018795,1.0,-0.9870183091422405,0.16068951524667607,1.0,-0.9441301324879606,0.16353889703071708,1.0,-0.9754720876458317,0.179042403305908,1.0,-0.9497372968871685,0.17348078692000507,1.0,-0.9653372902032136,0.18523203948776418,1.0,-0.9540187434414424,0.1777524810758376,1.0,-0.9313791258630051,0.16705318049630968,1.0,-1.0189074071360098,0.16951292969171286,1.0,-1.015210203707732,0.1839491926052987,1.0,-1.108700503582309,0.20810578047116884,1.0,-1.1430799261246478,0.2088478087845292,1.0,-1.1682575125477737,0.22953452441251862,1.0,-1.149670553182155,0.23219848221389894,1.0,-1.213058751995217,0.2757588533251272,1.0,-1.2269169170865004,0.2880707576636558,1.0,-1.255574312114921,0.31283588652004596,1.0,-1.2661279407216852,0.32882462148581315,1.0,-1.3048100805162357,0.3381214104922751,1.0,-1.3252246386071163,0.34760065584662914,1.0,-1.3151924528483208,0.36165831866037323,1.0,-1.3749673857591471,0.3845700672170277,1.0,-1.4184845190974764,0.4097844774432763,1.0,-1.50575415967403,0.4778286721966584,1.0,-1.596276581533316,0.5098917540993915,1.0,-1.6182848788955475,0.5194185169230832,1.0,-1.6698381045540904,0.5421416250894843,1.0,-1.6786782473044832,0.5452271698538191,1.0,-1.6708971451659076,0.5369966724020317,1.0,-1.717673947088814,0.5685099569999319,1.0,-1.766287618812421,0.661877006487437,1.0,-1.8105423329665995,0.6771757850691946,1.0,-1.8428138290921285,0.6924143618241138,1.0
1,0.0,0.0,0.0,0.0,0.0,0.0,0.0,0.0,0.0,0.0,0.0,0.0,0.0,0.0,0.0,0.0,0.0,0.0,0.0,0.0,0.0,0.0,0.0,0.0,0.0,0.0,0.0,0.0,0.0,0.0,0.0,0.0,0.0,0.0,0.0,0.0,0.0,0.0,0.0,0.0,0.0,0.0,0.0,0.0,0.0,0.0,0.0,0.0,0.0,0.0,0.0,0.0,0.0,0.0,0.0,0.0,0.0,0.0,0.0,0.0,0.0,0.0,0.0,0.0,0.0,0.0,0.0,0.0,0.0,0.0,0.0,0.0,0.0,0.0,0.0,0.0,0.0,0.0,0.0,0.0,0.0,0.0,0.0,0.0,0.0,0.0,0.0,0.0,0.0,0.0,0.0,0.0,0.0,0.0,0.0,0.0,0.0,0.0,0.0,0.0,0.0,0.0,0.0,0.0,0.0,0.0,0.0,0.0,0.0,0.0,0.0,0.0,0.0,0.0,0.0,0.0,0.0,0.0,0.0,0.0,0.0,0.0,0.0,0.0,0.0,0.0,0.0,0.0,0.0,0.0,0.0,0.0,0.0,0.0,0.0,-0.9986076741578775,0.15645515092593393,1.0,-0.9564420377136384,0.15602444669126256,1.0,-0.9691192590315327,0.15164340139006938,1.0,-0.9444467243671733,0.13946879151262367,1.0,-0.9526906451488301,0.14390244156158058,1.0,-0.9138022003059597,0.13126514337792533,1.0,-0.8914311991567546,0.13073229553721144,1.0,-0.9225346917629396,0.12674074850460346,1.0,-0.910481432244625,0.1271332744183597,1.0,-0.8947118729083476,0.12422660668335948,1.0,-0.8758289355059421,0.13457137883208678,1.0,-0.8965451123855629,0.12907755818697766,1.0,-0.9244592337895396,0.1306661656278368,1.0,-0.9161423131697596,0.11838119357824581,1.0,-0.9809180313220331,0.11916686913778929,1.0,-0.9650204428373993,0.1282004828593868,1.0,-0.9755551697785801,0.13150864955534225,1.0,-1.024522096323272,0.1379465899674383,1.0,-1.0469907195482349,0.13599693355728978,1.0,-1.1635911805180528,0.15089588786704244,1.0,-1.1952691756830491,0.18568132446074906,1.0,-1.2604847936017014,0.206703006677663,1.0,-1.2911041332809525,0.22147700126649816,1.0,-1.3164014210330457,0.2508466241219666,1.0,-1.3653026789339853,0.29258286143381096,1.0,-1.3674314216095111,0.31656661597082536,1.0,-1.4063326517603194,0.3537979686111204,1.0,-1.5140844244367102,0.44486924113533327,1.0,-1.5684686737228912,0.47265156265776104,1.0,-1.5796551291216387,0.4907639269292558,1.0,-1.637131468521671,0.5211073800258099,1.0,-1.6545636543509221,0.5333193583846445,1.0,-1.7033131853637626,0.5575718353429399,1.0,-1.7070320846050144,0.5846145487348897,1.0,-1.7730623847467226,0.6987898709043155,1.0,-1.841436543579012,0.7390642918392385,1.0,-1.8325791399088307,0.7708942426453298,1.0,-1.813294606088532,0.8044547593945524,1.0,-1.8863017003866047,0.802099331953626,1.0,-1.9071425192788651,0.8078767735531772,1.0,-1.9130214403207964,0.8441306451900205,1.0,-1.8833843002743282,0.8840481338510477,1.0,-1.9170787541021725,0.9159388591798729,1.0,-1.9329573804753493,0.9083038064415176,1.0,-1.9049985483168421,0.9062657823205931,1.0
1,0.0,0.0,0.0,0.0,0.0,0.0,0.0,0.0,0.0,0.0,0.0,0.0,0.0,0.0,0.0,0.0,0.0,0.0,0.0,0.0,0.0,0.0,0.0,0.0,0.0,0.0,0.0,0.0,0.0,0.0,0.0,0.0,0.0,0.0,0.0,0.0,0.0,0.0,0.0,0.0,0.0,0.0,0.0,0.0,0.0,0.0,0.0,0.0,0.0,0.0,0.0,0.0,0.0,0.0,0.0,0.0,0.0,0.0,0.0,0.0,0.0,0.0,0.0,0.0,0.0,0.0,0.0,0.0,0.0,0.0,0.0,0.0,0.0,0.0,0.0,0.0,0.0,0.0,0.0,0.0,0.0,0.0,0.0,0.0,0.0,0.0,0.0,0.0,0.0,0.0,0.0,0.0,0.0,0.0,0.0,0.0,0.0,0.0,0.0,0.0,0.0,0.0,0.0,0.0,0.0,0.0,0.0,0.0,0.0,0.0,0.0,0.0,0.0,0.0,0.0,0.0,0.0,0.0,0.0,0.0,0.0,0.0,0.0,0.0,0.0,0.0,0.0,0.0,0.0,0.0,0.0,0.0,0.0,0.0,0.0,-0.9906075253801848,0.19295129302727507,1.0,-0.9036084292836507,0.17691888828201577,1.0,-0.8679212499267913,0.18339627293291025,1.0,-0.8865757286380933,0.19644121037900802,1.0,-0.8543161305701876,0.17858259479273486,1.0,-0.8490103079728171,0.18138413390874086,1.0,-0.8612829860101725,0.18401765588132457,1.0,-0.8589315234087768,0.191314050342127,1.0,-0.8536996217548809,0.17268148657770116,1.0,-0.8889195164640407,0.1579435274154073,1.0,-0.8566712300460154,0.1562021624571688,1.0,-0.8607375377829227,0.15546646540994707,1.0,-0.8990175571898777,0.16452873217277167,1.0,-0.8920543035760183,0.17255510723554154,1.0,-0.8685187826908694,0.15825667842515184,1.0,-0.9239778597089677,0.17279987972063046,1.0,-0.8962059970059107,0.1720456620417163,1.0,-0.8724870771561581,0.1617240100409974,1.0,-0.9505980835902765,0.1633971257621091,1.0,-0.9731343216522752,0.1737541246232327,1.0,-0.9791939424912294,0.16586432195414494,1.0,-0.9868517903785433,0.1622528648389356,1.0,-1.0770277872389655,0.18241683769978062,1.0,-1.1110070491989987,0.2093914371254583,1.0,-1.1259093003667484,0.2239504156895993,1.0,-1.1759715891826192,0.22784198593391128,1.0,-1.1829429518674002,0.25201935447884366,1.0,-1.1905191804533908,0.28282753777322445,1.0,-1.269525510554614,0.29806414684983834,1.0,-1.3636600521412698,0.3802862856420283,1.0,-1.435362972066113,0.4075370760944714,1.0,-1.5112565267919715,0.4629078691815939,1.0,-1.5636610385154042,0.49555548080435163,1.0,-1.5544410329290617,0.49243457276336594,1.0,-1.5944947788667632,0.509924009690143,1.0,-1.649306864965478,0.5243037168801558,1.0,-1.7620322132887094,0.6761994419071529,1.0,-1.736208374409546,0.7046364372862474,1.0,-1.7228754124063366,0.7192027232296571,1.0,-1.7808302809833858,0.7781646222378267,1.0,-1.8010354682854564,0.7673620772411215,1.0,-1.8046395017894006,0.7750007396102631,1.0,-1.7277434209229672,0.7774345359643872,1.0,-1.786031410215471,0.8011864059173226,1.0,-1.8693553588397926,0.7975981517031805,1.0
2,0.0,0.0,0.0,0.0,0.0,0.0,0.0,0.0,0.0,0.0,0.0,0.0,0.0,0.0,0.0,0.0,0.0,0.0,0.0,0.0,0.0,0.0,0.0,0.0,0.0,0.0,0.0,0.0,0.0,0.0,0.0,0.0,0.0,0.0,0.0,0.0,0.0,0.0,0.0,0.0,0.0,0.0,0.0,0.0,0.0,0.0,0.0,0.0,0.0,0.0,0.0,0.0,0.0,0.0,0.0,0.0,0.0,0.0,0.0,0.0,0.0,0.0,0.0,0.0,0.0,0.0,0.0,0.0,0.0,0.0,0.0,0.0,0.0,0.0,0.0,0.0,0.0,0.0,0.0,0.0,0.0,0.0,0.0,0.0,0.0,0.0,0.0,0.0,0.0,0.0,0.0,0.0,0.0,0.0,0.0,0.0,0.0,0.0,0.0,0.0,0.0,0.0,0.0,0.0,0.0,0.0,0.0,0.0,0.0,0.0,0.0,0.0,0.0,0.0,0.0,0.0,0.0,0.0,0.0,0.0,0.0,0.0,0.0,0.0,0.0,0.0,0.0,0.0,0.0,0.0,0.0,0.0,0.0,0.0,0.0,-0.42336246348980405,1.286989417792023,1.0,-0.4387402383786989,1.3043953716128434,1.0,-0.4520393552882373,1.3667143194421252,1.0,-0.4622940314523943,1.3583476448013825,1.0,-0.45847619837842124,1.3611515826953713,1.0,-0.45470486865575677,1.3690230655275337,1.0,-0.4345515930479728,1.3070596767133473,1.0,-0.4364384645212029,1.3331270501308392,1.0,-0.4281275299024114,1.3008151238341097,1.0,-0.41132560975574084,1.2868101228184565,1.0,-0.4260459846830573,1.3185694163831316,1.0,-0.448063545191289,1.3851724333274718,1.0,-0.46914785626058825,1.527622516040846,1.0,-0.4612563005433073,1.448390128834606,1.0,-0.4392476860428904,1.4065886063252124,1.0,-0.44520530935300323,1.4368245061431102,1.0,-0.4484652539755989,1.4275027231078095,1.0,-0.46378302129580473,1.464921661415602,1.0,-0.45346304153060957,1.4802078055563304,1.0,-0.4542239778858942,1.4777998377119732,1.0,-0.46678494264049636,1.5685655150114015,1.0,-0.47286669562642847,1.5518884185380146,1.0,-0.4987855861076249,1.6808551597189632,1.0,-0.4874271533170086,1.686385728733745,1.0,-0.5081629260952887,1.7295858940387843,1.0,-0.5218586434488851,1.7931911483193774,1.0,-0.5881446391452986,1.95527888308634,1.0,-0.5930090481130216,1.9551842068930834,1.0,-0.5769766753177613,1.9045246790625359,1.0,-0.5955748323248856,1.8801866997873098,1.0,-0.6285548066491814,1.9321595812751926,1.0,-0.6728119467053674,2.0028335995156286,1.0,-0.6614593465125465,1.9683931147603577,1.0,-0.7174129012779906,2.06978085677855,1.0,-0.7366031881272659,2.082607121471353,1.0,-0.7258112984754592,2.11307147021656,1.0,-0.7361460738812363,2.1368513592639844,1.0,-0.7277338339401608,2.138516647846487,1.0,-0.7313569245339877,2.09639537437722,1.0,-0.7292909641902218,2.132174786195074,1.0,-0.752271801093275,2.1835497532246304,1.0,-0.766272978844484,2.2091992195925494,1.0,-0.7579065376244534,2.2506152785343914,1.0,-0.7444645303115003,2.1794034145870733,1.0,-0.758620450721086,2.2508929720566013,1.0
2,0.0,0.0,0.0,0.0,0.0,0.0,0.0,0.0,0.0,0.0,0.0,0.0,0.0,0.0,0.0,0.0,0.0,0.0,0.0,0.0,0.0,0.0,0.0,0.0,0.0,0.0,0.0,0.0,0.0,0.0,0.0,0.0,0.0,0.0,0.0,0.0,0.0,0.0,0.0,0.0,0.0,0.0,0.0,0.0,0.0,0.0,0.0,0.0,0.0,0.0,0.0,0.0,0.0,0.0,0.0,0.0,0.0,0.0,0.0,0.0,0.0,0.0,0.0,0.0,0.0,0.0,0.0,0.0,0.0,0.0,0.0,0.0,0.0,0.0,0.0,0.0,0.0,0.0,0.0,0.0,0.0,0.0,0.0,0.0,0.0,0.0,0.0,0.0,0.0,0.0,0.0,0.0,0.0,0.0,0.0,0.0,0.0,0.0,0.0,0.0,0.0,0.0,0.0,0.0,0.0,0.0,0.0,0.0,0.0,0.0,0.0,0.0,0.0,0.0,0.0,0.0,0.0,0.0,0.0,0.0,0.0,0.0,0.0,0.0,0.0,0.0,0.0,0.0,0.0,0.0,0.0,0.0,0.0,0.0,0.0,-0.5276332940323794,1.6789418106096539,1.0,-0.5218505561071886,1.6781444127452259,1.0,-0.5051489769881902,1.588863504602695,1.0,-0.46315346579969313,1.4623425406607182,1.0,-0.47412116825954886,1.4491742520870976,1.0,-0.4827130453614635,1.4443782800716516,1.0,-0.4779731275950882,1.4067513744979017,1.0,-0.48267609235317677,1.4326963430980177,1.0,-0.4794241995441422,1.4351367716327903,1.0,-0.4726301610545418,1.4387562884792626,1.0,-0.46560294392376,1.4093627485506675,1.0,-0.4794352196187605,1.450727293790602,1.0,-0.4801978043118707,1.4504924727862456,1.0,-0.46261171742634766,1.4346427989260864,1.0,-0.45972188819972076,1.4130032224583708,1.0,-0.4414862201049092,1.3970835028428465,1.0,-0.47522426779963994,1.4894611533357183,1.0,-0.4769563107587636,1.4799892300829833,1.0,-0.4921904791718265,1.5052623128999914,1.0,-0.5103768468820916,1.5422882192959702,1.0,-0.5020159604918566,1.52990488517595,1.0,-0.49913696264295293,1.5106337975578166,1.0,-0.5642533406798923,1.6396448487227273,1.0,-0.5908472021055204,1.6957738414221633,1.0,-0.5922050266637436,1.6793201486237426,1.0,-0.6052923347721858,1.698300669790212,1.0,-0.6291018118312818,1.7638318363427372,1.0,-0.6410713188295277,1.760423770183736,1.0,-0.7126177732032128,1.9159601145189176,1.0,-0.7264626038789639,1.9505198164903135,1.0,-0.7417033678442126,1.960028537744887,1.0,-0.7505574654121128,2.0044322631801226,1.0,-0.7602374465045585,1.9975003927853432,1.0,-0.7628920201359006,2.036100857410253,1.0,-0.768203763563021,2.0489876242025837,1.0,-0.7984878913497963,2.1969252445020686,1.0,-0.8181017790406973,2.228761145689938,1.0,-0.8303877533464499,2.2322692659074685,1.0,-0.8202555813292095,2.2241720300942327,1.0,-0.825354417655765,2.251154502781795,1.0,-0.8605104018209841,2.3154807804890454,1.0,-0.8820777591368044,2.368746426769611,1.0,-0.8498778894871163,2.3181639685093804,1.0,-0.834816532109162,2.2557046179057934,1.0,-0.8579999986876045,2.302366043141583,1.0
2,0.0,0.0,0.0,0.0,0.0,0.0,0.0,0.0,0.0,0.0,0.0,0.0,0.0,0.0,0.0,0.0,0.0,0.0,0.0,0.0,0.0,0.0,0.0,0.0,0.0,0.0,0.0,0.0,0.0,0.0,0.0,0.0,0.0,0.0,0.0,0.0,0.0,0.0,0.0,0.0,0.0,0.0,0.0,0.0,0.0,0.0,0.0,0.0,0.0,0.0,0.0,0.0,0.0,0.0,0.0,0.0,0.0,0.0,0.0,0.0,0.0,0.0,0.0,0.0,0.0,0.0,0.0,0.0,0.0,0.0,0.0,0.0,0.0,0.0,0.0,0.0,0.0,0.0,0.0,0.0,0.0,0.0,0.0,0.0,0.0,0.0,0.0,0.0,0.0,0.0,0.0,0.0,0.0,0.0,0.0,0.0,0.0,0.0,0.0,0.0,0.0,0.0,0.0,0.0,0.0,0.0,0.0,0.0,0.0,0.0,0.0,0.0,0.0,0.0,0.0,0.0,0.0,0.0,0.0,0.0,0.0,0.0,0.0,0.0,0.0,0.0,0.0,0.0,0.0,0.0,0.0,0.0,0.0,0.0,0.0,-0.5200495941157183,1.444175548586765,1.0,-0.49450939547216505,1.3931460162224263,1.0,-0.4925693926835578,1.3684171692249842,1.0,-0.48494391381680135,1.390268301320528,1.0,-0.4811535302432643,1.3722717185909175,1.0,-0.5000626231113531,1.4066283339054084,1.0,-0.5044552599917463,1.4130001221461344,1.0,-0.5067891028685452,1.4200712651650191,1.0,-0.5074468074385846,1.4229607193686018,1.0,-0.49736185751304085,1.4011277414211323,1.0,-0.49879285277117774,1.432473709513586,1.0,-0.49041889523301113,1.4060422760463103,1.0,-0.4963750064354966,1.4139750939817586,1.0,-0.5073960539720003,1.4476314636097494,1.0,-0.5239745596761728,1.492278457312749,1.0,-0.5439916220112441,1.5103960671813028,1.0,-0.5533601025057674,1.5267442204550823,1.0,-0.5587728330144187,1.5023174703208326,1.0,-0.5878842711323874,1.5396228497375712,1.0,-0.6807240666548374,1.6973425267014697,1.0,-0.723007117002553,1.7512613655409246,1.0,-0.7577324107165476,1.8179484451007515,1.0,-0.7887288477851118,1.8565825536971863,1.0,-0.8293548883137476,1.9367494371671574,1.0,-0.8329730486923239,1.9169619998490461,1.0,-0.8813621790079631,2.014119736339171,1.0,-0.938408199469216,2.077541158921454,1.0,-1.007360225569204,2.2100972832946866,1.0,-1.009448144197204,2.2281744883509127,1.0,-1.003328154693898,2.2078154166268975,1.0,-0.9793298123138328,2.173483582837104,1.0,-0.9785289874345033,2.162504716886844,1.0,-0.9948111871205102,2.1799238380319736,1.0,-0.9786631472018554,2.1395799301815006,1.0,-0.9440656470340444,2.0752887587165816,1.0,-0.9682079367729727,2.131465484633835,1.0,-0.9701389199620551,2.1510256432033654,1.0,-0.9802242489403378,2.1929329646216047,1.0,-0.945706738602087,2.1110359496525763,1.0,-0.97719523531397,2.166439824002568,1.0,-0.967350466023828,2.1573112572105817,1.0,-0.9747366171172563,2.199136154512568,1.0,-0.9967772270488354,2.2283816311786837,1.0,-0.9830800271449693,2.216302068730284,1.0,-0.9427064480835484,2.116600245617308,1.0
2,0.0,0.0,0.0,0.0,0.0,0.0,0.0,0.0,0.0,0.0,0.0,0.0,0.0,0.0,0.0,0.0,0.0,0.0,0.0,0.0,0.0,0.0,0.0,0.0,0.0,0.0,0.0,0.0,0.0,0.0,0.0,0.0,0.0,0.0,0.0,0.0,0.0,0.0,0.0,0.0,0.0,0.0,0.0,0.0,0.0,0.0,0.0,0.0,0.0,0.0,0.0,0.0,0.0,0.0,0.0,0.0,0.0,0.0,0.0,0.0,0.0,0.0,0.0,0.0,0.0,0.0,0.0,0.0,0.0,0.0,0.0,0.0,0.0,0.0,0.0,0.0,0.0,0.0,0.0,0.0,0.0,0.0,0.0,0.0,0.0,0.0,0.0,0.0,0.0,0.0,0.0,0.0,0.0,0.0,0.0,0.0,0.0,0.0,0.0,0.0,0.0,0.0,0.0,0.0,0.0,0.0,0.0,0.0,0.0,0.0,0.0,0.0,0.0,0.0,0.0,0.0,0.0,0.0,0.0,0.0,0.0,0.0,0.0,0.0,0.0,0.0,0.0,0.0,0.0,0.0,0.0,0.0,0.0,0.0,0.0,-0.894150758309359,2.0566687738552067,1.0,-0.8957566995852686,2.0593563586781003,1.0,-0.8403898551993623,1.94455309470135,1.0,-0.8008912348850322,1.859043717621752,1.0,-0.7713646958737156,1.8326729901205443,1.0,-0.6914250075458857,1.7104233676147649,1.0,-0.5672550873637398,1.5231804259417028,1.0,-0.5430729681874896,1.4118091316098136,1.0,-0.5263857750289911,1.348963162802329,1.0,-0.5317691756306393,1.3886810603923205,1.0,-0.5186453484557841,1.3544468758622443,1.0,-0.5078815402761879,1.3263489692319796,1.0,-0.507143372569196,1.3254723936569437,1.0,-0.507022255217656,1.2901043007422455,1.0,-0.4930973853690959,1.291060789696807,1.0,-0.48928200286526646,1.258348581567602,1.0,-0.5019143465641106,1.2802356083990196,1.0,-0.5078816477052408,1.2960606659434692,1.0,-0.5351367565394083,1.3466949635118195,1.0,-0.5501971788906966,1.3423477065067224,1.0,-0.5684407530734268,1.3978914856541467,1.0,-0.765397833769858,1.5223286897776964,1.0,-0.9046056478395883,1.6823152216126038,1.0,-0.9669122351571497,1.72696564659004,1.0,-1.0193907886112,1.8014703525875988,1.0,-1.0744079756226939,1.9396110158019544,1.0,-1.1274669001650146,2.0174894070646934,1.0,-1.1502641238611149,2.0110779990066443,1.0,-1.2020987458909094,2.0921423935278374,1.0,-1.1669200148687235,2.049575743467858,1.0,-1.173095384157454,2.086378101849038,1.0,-1.1587531716798534,2.0468183056430345,1.0,-1.1526101729329135,2.0833218668098645,1.0,-1.1503088218516297,2.055581055710148,1.0,-1.1340156487918465,2.0598272489807035,1.0,-1.1309691311068475,2.0358502146237147,1.0,-1.1263371703466758,2.0810085159662144,1.0,-1.0801973824449502,2.046006192858904,1.0,-1.1011875028743863,2.092786903969924,1.0,-1.083774126558832,2.078224362346532,1.0,-1.0809344861276287,2.0862113722659155,1.0,-1.0656433975652522,2.0516241192017155,1.0,-1.0725942850911991,2.066391228081273,1.0,-1.0406623238505754,2.0142544405820577,1.0,-1.0502652022325094,2.0233882702525388,1.0
2,0.0,0.0,0.0,0.0,0.0,0.0,0.0,0.0,0.0,0.0,0.0,0.0,0.0,0.0,0.0,0.0,0.0,0.0,0.0,0.0,0.0,0.0,0.0,0.0,0.0,0.0,0.0,0.0,0.0,0.0,0.0,0.0,0.0,0.0,0.0,0.0,0.0,0.0,0.0,0.0,0.0,0.0,0.0,0.0,0.0,0.0,0.0,0.0,0.0,0.0,0.0,0.0,0.0,0.0,0.0,0.0,0.0,0.0,0.0,0.0,0.0,0.0,0.0,0.0,0.0,0.0,0.0,0.0,0.0,0.0,0.0,0.0,0.0,0.0,0.0,0.0,0.0,0.0,0.0,0.0,0.0,0.0,0.0,0.0,0.0,0.0,0.0,0.0,0.0,0.0,0.0,0.0,0.0,0.0,0.0,0.0,0.0,0.0,0.0,0.0,0.0,0.0,-1.0155546535430091,1.865735249801528,1.0,-0.9504293599285647,1.7986255539655258,1.0,0.0,0.0,0.0,0.0,0.0,0.0,0.0,0.0,0.0,0.0,0.0,0.0,0.0,0.0,0.0,0.0,0.0,0.0,0.0,0.0,0.0,0.0,0.0,0.0,0.0,0.0,0.0,-0.5559195145313344,1.262631023003729,1.0,-0.5867126483467385,1.3510231791692575,1.0,-0.5888781291119948,1.3782288779889011,1.0,-0.5872874915193281,1.3634531325717596,1.0,-0.5936514614342832,1.3562174770463378,1.0,-0.5765240068553816,1.2864549991018421,1.0,-0.5829017589025689,1.305518700583133,1.0,-0.5907619441332331,1.331475176179945,1.0,-0.595283694959988,1.3621992928800393,1.0,-0.6017579455886406,1.4099636335030439,1.0,-0.5981296452361221,1.3614812921216528,1.0,-0.5753012976524318,1.3267371587777692,1.0,-0.5599328209290527,1.3057251501433795,1.0,-0.5569388017792124,1.3102796701944799,1.0,-0.571180563185243,1.3569850738011378,1.0,-0.5374232943855551,1.271622653108837,1.0,-0.5450379735671345,1.2897324450937566,1.0,-0.5418689908274761,1.2757799378368289,1.0,-0.5444850032029784,1.2918038557832443,1.0,-0.542206446071135,1.2963690034434583,1.0,-0.5561330426634071,1.3447468951202708,1.0,-0.5511455399364473,1.3292262662934577,1.0,-0.5560375585227181,1.3645976371626998,1.0,-0.5595161260051507,1.4200655580367993,1.0,-0.5809758938792068,1.4511607128209192,1.0,-0.5841413851794273,1.438533067865693,1.0,-0.6209798159774661,1.5039158421023437,1.0,-0.9302212602597448,1.9412749076610967,1.0,-0.8085161492669054,1.6191143197388749,1.0,-0.8354901717892497,1.503954229263897,0.75,-0.9238398854580322,1.5912913458469302,0.0,-0.9558873517627718,1.6580673864631819,1.0,-0.9837297206875022,1.64681376653669,1.0,-1.0347680599240396,1.7279883777124199,1.0,0.0,0.0,0.0,0.0,0.0,0.0,-0.9978684618680935,2.038706626921448,1.0,-1.0849637052538448,2.20898399531177,1.0,-1.0932281236201054,2.181896126524904,1.0,-1.1300032194165837,2.2179163857197355,1.0,-1.1078305860820319,2.172651897272853,1.0,-1.1258051098611785,2.2118668965400237,1.0,-1.0941650962936182,2.171163209586431,1.0,-1.0892932601115155,2.1487971422546486,1.0,-1.0784707967417135,2.11732541004575,1.0
2,0.0,0.0,0.0,0.0,0.0,0.0,0.0,0.0,0.0,0.0,0.0,0.0,0.0,0.0,0.0,0.0,0.0,0.0,0.0,0.0,0.0,0.0,0.0,0.0,0.0,0.0,0.0,0.0,0.0,0.0,0.0,0.0,0.0,0.0,0.0,0.0,0.0,0.0,0.0,0.0,0.0,0.0,0.0,0.0,0.0,0.0,0.0,0.0,0.0,0.0,0.0,0.0,0.0,0.0,0.0,0.0,0.0,0.0,0.0,0.0,0.0,0.0,0.0,0.0,0.0,0.0,0.0,0.0,0.0,0.0,0.0,0.0,0.0,0.0,0.0,0.0,0.0,0.0,0.0,0.0,0.0,0.0,0.0,0.0,0.0,0.0,0.0,0.0,0.0,0.0,0.0,0.0,0.0,-0.3218055450564596,1.6375982420952764,1.0,-0.3229141134615343,1.6824036232288562,1.0,-0.34636649241583234,1.694904073786455,1.0,-0.3499667712677198,1.7185152768162104,1.0,-0.3480394085590824,1.7186227627278394,1.0,-0.3566598306536807,1.6768802061861758,1.0,0.0,0.0,0.0,0.0,0.0,0.0,0.0,0.0,0.0,0.0,0.0,0.0,0.0,0.0,0.0,-0.4192188717491837,1.8413362183534088,1.0,0.0,0.0,0.0,0.0,0.0,0.0,-0.29317179600818,1.3151939206903223,1.0,-0.28257312715941957,1.3069995858661407,1.0,-0.2811024500716549,1.303311497899657,1.0,-0.2863684838513335,1.3134696429993857,1.0,-0.3097676809559695,1.341754539643693,1.0,-0.29763288566746965,1.3347396860532468,1.0,-0.3025646343050467,1.3169277090843134,1.0,-0.29351600064010136,1.3042727556797422,1.0,-0.3158284017654565,1.3190801568662904,1.0,-0.2997970074457035,1.3017315611270928,1.0,-0.30144690476567443,1.2829877910182481,1.0,-0.30354617021187896,1.2821775943602707,1.0,-0.3001286444906014,1.3056694981455501,1.0,-0.30189341715039053,1.304655227046677,1.0,-0.3197889290750477,1.3445729412232768,1.0,-0.3161845706067691,1.340398098058584,1.0,-0.30308899989154026,1.3101642331737082,1.0,-0.29799190185672647,1.3085098540235902,1.0,-0.31820266304350897,1.3388844086476914,1.0,-0.300137220435163,1.3520110732458581,1.0,-0.3001433164916041,1.3617107173643408,1.0,-0.3059682799979502,1.3558857538579947,1.0,-0.31084164601069714,1.4596933489547594,1.0,-0.311858734179829,1.491684559108633,1.0,-0.3555677974495742,1.5517470739929766,1.0,-0.38950161307051867,1.6058288001763406,1.0,-0.4241058958628035,1.6695689400655689,1.0,-0.4299278225032387,1.6753908667060042,1.0,-0.4634991788935327,1.6909080427713252,1.0,-0.4798262000442173,1.4649028588599196,1.0,-0.42482956210123274,1.5875642354790085,1.0,0.0,0.0,0.0,0.0,0.0,0.0,0.0,0.0,0.0,0.0,0.0,0.0,0.0,0.0,0.0,0.0,0.0,0.0,-0.41105190557344046,1.7965252637821238,1.0,-0.392299883773487,1.7779505359023984,1.0,-0.4248164530160145,1.8283143363084466,1.0,-0.41291739074994993,1.797103348088238,1.0,-0.40268666430829547,1.8035977786723323,1.0,0.0,0.0,0.0,-0.4662985710204549,1.8380857273367568,1.0,-0.45387471502004123,1.8681892291726114,1.0
2,0.0,0.0,0.0,0.0,0.0,0.0,0.0,0.0,0.0,0.0,0.0,0.0,0.0,0.0,0.0,0.0,0.0,0.0,0.0,0.0,0.0,0.0,0.0,0.0,0.0,0.0,0.0,0.0,0.0,0.0,0.0,0.0,0.0,0.0,0.0,0.0,0.0,0.0,0.0,0.0,0.0,0.0,0.0,0.0,0.0,0.0,0.0,0.0,0.0,0.0,0.0,0.0,0.0,0.0,0.0,0.0,0.0,0.0,0.0,0.0,0.0,0.0,0.0,0.0,0.0,0.0,0.0,0.0,0.0,0.0,0.0,0.0,0.0,0.0,0.0,0.0,0.0,0.0,0.0,0.0,0.0,0.0,0.0,0.0,0.0,0.0,0.0,0.0,0.0,0.0,0.0,0.0,0.0,0.0,0.0,0.0,0.0,0.0,0.0,0.0,0.0,0.0,0.0,0.0,0.0,0.0,0.0,0.0,0.0,0.0,0.0,0.0,0.0,0.0,0.0,0.0,0.0,0.0,0.0,0.0,-1.0261875200475548,2.2618020671564207,1.0,-0.9834030936986706,2.128700642626931,1.0,-1.0406457354945635,1.9678756478808492,1.0,-0.9492735615322072,2.013194233202823,1.0,-1.0681847309595394,2.0321211612677423,1.0,-0.3740192042546271,1.2636566933619282,1.0,-0.3932496683569621,1.3275895584983268,1.0,-0.3816985540713621,1.3642838839324143,1.0,-0.38143839425947046,1.340750213401772,1.0,-0.3867380249885951,1.3533769361787396,1.0,-0.38480039329742177,1.3395128693291265,1.0,-0.363566002856824,1.294875493840071,1.0,-0.36419734929526987,1.3111549740793167,1.0,-0.3722260397233621,1.3184403779853582,1.0,-0.351848789858852,1.2884839825661802,1.0,-0.3503234808858307,1.2644585708481015,1.0,-0.3657745133152031,1.314569401872567,1.0,-0.3620202042971819,1.289820243182306,1.0,-0.35953430088905025,1.2677382983486007,1.0,-0.35593131671558537,1.270489595197938,1.0,-0.3559563018086322,1.2942253048264474,1.0,-0.37623136523427936,1.3345669774501436,1.0,-0.3914255254271282,1.3668751109949642,1.0,-0.38463731770448917,1.3451722607945569,1.0,-0.39880580442000646,1.3781156838757869,1.0,-0.3890634501746905,1.3737032551421782,1.0,-0.4023563791771065,1.3995498083181535,1.0,-0.4139962623768458,1.4236567705646053,1.0,-0.39457301572864134,1.3950375116549003,1.0,-0.445170596296854,1.5191151274410937,1.0,-0.4649567631909397,1.5798267110477184,1.0,-0.46252901919112954,1.6199883026016237,1.0,-0.47852483276876046,1.6497040936608487,1.0,-0.4899307501605369,1.6916927928489138,1.0,-0.5296952678590189,1.6360398917866448,1.0,-0.5314502777165371,1.8128191258448247,1.0,-0.5719101238125831,1.9005773229755913,1.0,-0.6252654737867708,1.8909397204181055,1.0,-0.5633779898818938,1.8933700611340787,1.0,-0.6196500940235327,1.8947224145950772,1.0,-0.6812974727685421,1.955237643746965,1.0,-0.7906955800033149,2.0679558743753765,1.0,-0.6933144937051638,2.0416543767651,1.0,-0.7120225252016442,2.112923345511417,1.0,-0.7816565985829965,2.238465513263371,1.0,0.0,0.0,0.0,0.0,0.0,0.0,0.0,0.0,0.0,0.0,0.0,0.0,0.0,0.0,0.0
2,0.0,0.0,0.0,0.0,0.0,0.0,0.0,0.0,0.0,0.0,0.0,0.0,0.0,0.0,0.0,0.0,0.0,0.0,0.0,0.0,0.0,0.0,0.0,0.0,0.0,0.0,0.0,0.0,0.0,0.0,0.0,0.0,0.0,0.0,0.0,0.0,0.0,0.0,0.0,0.0,0.0,0.0,0.0,0.0,0.0,0.0,0.0,0.0,0.0,0.0,0.0,0.0,0.0,0.0,0.0,0.0,0.0,0.0,0.0,0.0,0.0,0.0,0.0,0.0,0.0,0.0,0.0,0.0,0.0,0.0,0.0,0.0,0.0,0.0,0.0,0.0,0.0,0.0,0.0,0.0,0.0,0.0,0.0,0.0,0.0,0.0,0.0,0.0,0.0,0.0,0.0,0.0,0.0,0.0,0.0,0.0,0.0,0.0,0.0,0.0,0.0,0.0,0.0,0.0,0.0,0.0,0.0,0.0,0.0,0.0,0.0,0.0,0.0,0.0,0.0,0.0,0.0,0.0,0.0,0.0,0.0,0.0,0.0,0.0,0.0,0.0,0.0,0.0,0.0,0.0,0.0,0.0,0.0,0.0,0.0,-0.4850274715247889,1.3708074511734316,1.0,-0.4854508020393911,1.3696414782218924,1.0,-0.47407211500030816,1.3513262136985733,1.0,-0.47084316265570797,1.3493916312510403,1.0,-0.4638302053018836,1.3316853027895574,1.0,-0.4717673551181641,1.3565253604484049,1.0,-0.4808671363930989,1.350214618155362,1.0,-0.48458198474671527,1.3936939165672306,1.0,-0.4879475156403507,1.3776488946637315,1.0,-0.4644213949088063,1.3469769057459615,1.0,-0.461694337817854,1.3350536048389252,1.0,-0.4732485955344245,1.3693410216403548,1.0,-0.46767480510407633,1.3461794645770477,1.0,-0.44983029172153915,1.3264622142185387,1.0,-0.4566168142864679,1.3447703669241904,1.0,-0.48099658661623407,1.3879227355952626,1.0,-0.4860570679893228,1.3909911714461485,1.0,-0.4782505547883225,1.397849112968718,1.0,-0.4677149752472405,1.3730027425178746,1.0,-0.46596885593873916,1.3892963257411461,1.0,-0.45657552622815,1.3992905074590556,1.0,-0.4648126229383071,1.491310608800131,1.0,-0.4755651630179205,1.5174752917532728,1.0,-0.5108902466791094,1.6144780754631947,1.0,-0.49378425025597056,1.5918857061851333,1.0,-0.5034769057386675,1.5993635612050632,1.0,-0.4983244257322633,1.5773079956529443,1.0,-0.5392323313269742,1.750190340523031,1.0,-0.5497833383496008,1.7812221477267174,1.0,-0.5509570127959373,1.7827264033261534,1.0,-0.552252514159358,1.7823190767980883,1.0,-0.5855636557320663,1.7996813297648426,1.0,-0.6076073151639174,1.8814652381921708,1.0,-0.6221963981130931,1.9183646492279394,1.0,-0.6439755475006181,2.0112545965066215,1.0,-0.6322732632961888,1.997787711169788,1.0,-0.6771905434481182,2.106490265387599,1.0,-0.6807300554069937,2.090529892380928,1.0,-0.6846782763128022,2.1030256556193074,1.0,-0.7599948236073588,2.2799859666056443,1.0,-0.7759122229277823,2.3009752165867097,1.0,-0.7666625534423489,2.331901689176291,1.0,-0.7396966939781972,2.2660624780275684,1.0,-0.7699762897843744,2.296511039759779,1.0,-0.7860023411824323,2.407838593984877,1.0
2,0.0,0.0,0.0,0.0,0.0,0.0,0.0,0.0,0.0,0.0,0.0,0.0,0.0,0.0,0.0,0.0,0.0,0.0,0.0,0.0,0.0,0.0,0.0,0.0,0.0,0.0,0.0,0.0,0.0,0.0,0.0,0.0,0.0,0.0,0.0,0.0,0.0,0.0,0.0,0.0,0.0,0.0,0.0,0.0,0.0,0.0,0.0,0.0,0.0,0.0,0.0,0.0,0.0,0.0,0.0,0.0,0.0,0.0,0.0,0.0,0.0,0.0,0.0,0.0,0.0,0.0,0.0,0.0,0.0,0.0,0.0,0.0,0.0,0.0,0.0,0.0,0.0,0.0,0.0,0.0,0.0,0.0,0.0,0.0,0.0,0.0,0.0,0.0,0.0,0.0,0.0,0.0,0.0,0.0,0.0,0.0,0.0,0.0,0.0,0.0,0.0,0.0,0.0,0.0,0.0,0.0,0.0,0.0,0.0,0.0,0.0,0.0,0.0,0.0,0.0,0.0,0.0,0.0,0.0,0.0,0.0,0.0,0.0,0.0,0.0,0.0,0.0,0.0,0.0,0.0,0.0,0.0,0.0,0.0,0.0,-0.79258200386251,2.2313486428241496,1.0,-0.7862874589358698,2.250601250314181,1.0,-0.747253125403558,2.1646282504355967,1.0,-0.7559502172022275,2.121598246423128,1.0,-0.7210364881594366,2.0284451436616924,1.0,-0.7075614114611549,2.002199913874916,1.0,-0.6864856521836722,1.915740379194465,1.0,-0.7032491773666892,1.9303652336511186,1.0,-0.678150337817898,1.817410922928224,1.0,-0.639945076970934,1.7221172298356728,1.0,-0.6311867618294351,1.6855007061840577,1.0,-0.5528046552827027,1.5603567265244482,1.0,-0.5459894047402631,1.496789611448943,1.0,-0.5201235639771065,1.4903054306402388,1.0,-0.48991584663469206,1.4478743831159782,1.0,-0.48650933045288924,1.4248017754852824,1.0,-0.4778515259224857,1.4488282177501535,1.0,-0.46147862483179186,1.3923573819193305,1.0,-0.48775728215705766,1.4584817465740216,1.0,-0.48315837855832766,1.4297980209354035,1.0,-0.5014632020736887,1.4483525031117555,1.0,-0.5124999770058604,1.4852597561920804,1.0,-0.5170788348518649,1.5051887900551797,1.0,-0.5075148030968022,1.466318734573278,1.0,-0.5042962338785342,1.4622803520105412,1.0,-0.5016978585845385,1.437021420658603,1.0,-0.5539636365136695,1.5545070793372167,1.0,-0.5635262068890388,1.5940408388881693,1.0,-0.5573888085940929,1.6119188288061068,1.0,-0.5701978040773706,1.6497890284395007,1.0,-0.5762595649980581,1.704831960839073,1.0,-0.5964904274661623,1.77368204638165,1.0,-0.5805581545636759,1.7548233267719575,1.0,-0.5964248578359762,1.7894673307961395,1.0,-0.6279499731040475,1.860581431909025,1.0,-0.6248845357591751,1.8700784707537874,1.0,-0.6413496649418773,1.8728554398345039,1.0,-0.6266879449936185,1.878062126100294,1.0,-0.6352924741998763,1.8902234945219136,1.0,-0.6315648749932172,1.9335031738122703,1.0,-0.6284902205027479,1.9056977613988064,1.0,-0.6325187243492828,1.9076657535281054,1.0,-0.6408676066012335,1.9309981852672355,1.0,-0.6425192835022943,1.933450949968255,1.0,-0.6225021598267306,1.907764397763653,1.0
2,0.0,0.0,0.0,0.0,0.0,0.0,0.0,0.0,0.0,0.0,0.0,0.0,0.0,0.0,0.0,0.0,0.0,0.0,0.0,0.0,0.0,0.0,0.0,0.0,0.0,0.0,0.0,0.0,0.0,0.0,0.0,0.0,0.0,0.0,0.0,0.0,0.0,0.0,0.0,0.0,0.0,0.0,0.0,0.0,0.0,0.0,0.0,0.0,0.0,0.0,0.0,0.0,0.0,0.0,0.0,0.0,0.0,0.0,0.0,0.0,0.0,0.0,0.0,0.0,0.0,0.0,0.0,0.0,0.0,0.0,0.0,0.0,0.0,0.0,0.0,0.0,0.0,0.0,0.0,0.0,0.0,0.0,0.0,0.0,0.0,0.0,0.0,0.0,0.0,0.0,0.0,0.0,0.0,0.0,0.0,0.0,0.0,0.0,0.0,0.0,0.0,0.0,0.0,0.0,0.0,0.0,0.0,0.0,0.0,0.0,0.0,0.0,0.0,0.0,0.0,0.0,0.0,0.0,0.0,0.0,0.0,0.0,0.0,0.0,0.0,0.0,0.0,0.0,0.0,-0.7455989919619498,2.3364418340370063,1.0,0.0,0.0,0.0,-0.5302686672905423,1.4619933765380357,1.0,-0.5366644765521073,1.4896753638264484,1.0,-0.5515388486355882,1.5096306849846788,1.0,-0.5320519220355868,1.4732603264457718,1.0,-0.5401983600742353,1.4755086809004985,1.0,-0.5232474777772185,1.4664177789974193,1.0,-0.5361935641891086,1.461231707794004,1.0,-0.5316670000864407,1.4641097891787265,1.0,-0.5239035393327841,1.464146012685008,1.0,-0.5444842393863317,1.498046373792639,1.0,-0.5194441051033217,1.446667933801726,1.0,-0.5221115766792267,1.4710735249829858,1.0,-0.5157360677546129,1.495529206530565,1.0,-0.5374592834430238,1.5484737648753724,1.0,-0.5202888525097163,1.5146224697321995,1.0,-0.5220078557155852,1.551038629356866,1.0,-0.5485502517884298,1.6737376546826235,1.0,-0.5775507322127104,1.723772811667517,1.0,-0.5658939113303226,1.6869436332797918,1.0,-0.5606385135702098,1.6974563939482685,1.0,-0.5865495366008124,1.7615919658688934,1.0,-0.6041274161500391,1.796448317671004,1.0,-0.6265943720029251,1.8278856000655015,1.0,-0.7120231300024626,1.9828769828695463,1.0,-0.7071239585338746,1.9582464316947201,1.0,-0.7487773124210089,2.0422487724411518,1.0,-0.7396967497273405,2.0338763034083995,1.0,-0.7314872770106297,2.0357542153722914,1.0,-0.7284309096825387,2.075275472493937,1.0,-0.7586824171498716,2.1565150578278787,1.0,-0.8059288926143013,2.2787770318514853,1.0,-0.7998346622457979,2.250124037532902,1.0,-0.8141023779543781,2.277558248889586,1.0,-0.8359926146867378,2.321822298084541,1.0,-0.8397563457480822,2.342908703035193,1.0,-0.8797489362326426,2.443441800295219,1.0,-0.8689984708888397,2.4487434582398016,1.0,-0.8763812673762698,2.455882554801662,1.0,-0.8091966161209473,2.3139362441685596,1.0,-0.6269842044868986,2.155966776405386,1.0,-0.7861836887695751,2.372478075029826,1.0,-0.905199304534262,2.3942884602485295,1.0,-0.8208215152447458,2.2723291566336186,1.0,-0.848034316643618,2.278821963903568,1.0,-0.8417230731678105,2.2038661285706187,0.5
2,0.0,0.0,0.0,0.0,0.0,0.0,0.0,0.0,0.0,0.0,0.0,0.0,0.0,0.0,0.0,0.0,0.0,0.0,0.0,0.0,0.0,0.0,0.0,0.0,0.0,0.0,0.0,0.0,0.0,0.0,0.0,0.0,0.0,0.0,0.0,0.0,0.0,0.0,0.0,0.0,0.0,0.0,0.0,0.0,0.0,0.0,0.0,0.0,0.0,0.0,0.0,0.0,0.0,0.0,0.0,0.0,0.0,0.0,0.0,0.0,0.0,0.0,0.0,0.0,0.0,0.0,0.0,0.0,0.0,0.0,0.0,0.0,0.0,0.0,0.0,0.0,0.0,0.0,0.0,0.0,0.0,0.0,0.0,0.0,0.0,0.0,0.0,0.0,0.0,0.0,0.0,0.0,0.0,0.0,0.0,0.0,0.0,0.0,0.0,0.0,0.0,0.0,0.0,0.0,0.0,0.0,0.0,0.0,0.0,0.0,0.0,0.0,0.0,0.0,0.0,0.0,0.0,0.0,0.0,0.0,0.0,0.0,0.0,0.0,0.0,0.0,0.0,0.0,0.0,0.0,0.0,0.0,0.0,0.0,0.0,-0.5341739245985041,1.5328033753812471,1.0,-0.5367405592290416,1.5166243270147404,1.0,-0.520119440371315,1.5219070762806421,1.0,-0.5181311907138372,1.4674298438608646,1.0,-0.5324237914153541,1.5196353082898373,1.0,-0.5308244947530933,1.4953291810169123,1.0,-0.5272735570855488,1.4973227676177312,1.0,-0.532831576316265,1.507876461307398,1.0,-0.5219226440602495,1.4819038487177647,1.0,-0.5267466128351908,1.4714200411854148,1.0,-0.5308297164461189,1.4951635747658354,1.0,-0.5334166369378617,1.4782238372889724,1.0,-0.5219084955940089,1.4569433005948222,1.0,-0.5324324752895168,1.5153244331493354,1.0,-0.5242578106687746,1.4827781291806064,1.0,-0.5045319075930421,1.4905679971041184,1.0,-0.5142152645839048,1.489256989147506,1.0,-0.5008110954928975,1.4595066654651108,1.0,-0.5058804132160701,1.479648721129083,1.0,-0.5236717349251566,1.5145879671514448,1.0,-0.5393965574530031,1.532460845083209,1.0,-0.5345849657530488,1.5426293420906314,1.0,-0.5406432062295742,1.6449365968847067,1.0,-0.523236253972587,1.623986841015664,1.0,-0.5464813563139405,1.6952299468366532,1.0,-0.5599957962529255,1.7758479017767532,1.0,-0.5370279612267174,1.738086768519081,1.0,-0.5639839579703895,1.8134373392160263,1.0,-0.5737960687786835,1.8688082973371556,1.0,-0.5531040394074883,1.8434715170647846,1.0,-0.6040504908896311,2.0126746778291644,1.0,-0.5886219470210112,1.9813344370340826,1.0,-0.6134876144852642,2.0001053809433897,1.0,-0.6140934673735439,2.002965331279467,1.0,-0.6601917627926974,2.0842019559437905,1.0,-0.6214702574495073,2.010355259105003,1.0,-0.654561915005887,2.129746080651845,1.0,-0.6601997183168261,2.186466167753374,1.0,-0.6731042492289259,2.2059547362815364,1.0,-0.7017060808508697,2.3187171833661218,1.0,-0.7057304100586606,2.3531010858988393,1.0,-0.7030402441436913,2.3618579332785226,1.0,-0.6987070857422921,2.3974039449441364,1.0,-0.6929623856953997,2.410392577178799,1.0,-0.6914999568465253,2.374347947283537,1.0
2,0.0,0.0,0.0,0.0,0.0,0.0,0.0,0.0,0.0,0.0,0.0,0.0,0.0,0.0,0.0,0.0,0.0,0.0,0.0,0.0,0.0,0.0,0.0,0.0,0.0,0.0,0.0,0.0,0.0,0.0,0.0,0.0,0.0,0.0,0.0,0.0,0.0,0.0,0.0,0.0,0.0,0.0,0.0,0.0,0.0,0.0,0.0,0.0,0.0,0.0,0.0,0.0,0.0,0.0,0.0,0.0,0.0,0.0,0.0,0.0,0.0,0.0,0.0,0.0,0.0,0.0,0.0,0.0,0.0,0.0,0.0,0.0,0.0,0.0,0.0,0.0,0.0,0.0,0.0,0.0,0.0,0.0,0.0,0.0,0.0,0.0,0.0,0.0,0.0,0.0,0.0,0.0,0.0,0.0,0.0,0.0,0.0,0.0,0.0,0.0,0.0,0.0,0.0,0.0,0.0,0.0,0.0,0.0,0.0,0.0,0.0,0.0,0.0,0.0,0.0,0.0,0.0,0.0,0.0,0.0,0.0,0.0,0.0,0.0,0.0,0.0,0.0,0.0,0.0,0.0,0.0,0.0,0.0,0.0,0.0,-0.4992358399270719,1.4581995720851013,1.0,-0.48898052049456064,1.4648080666630034,1.0,-0.4911774403368507,1.4650198419596983,1.0,-0.49424367360967897,1.3951674507916867,1.0,-0.4919812674076629,1.4138047189369412,1.0,-0.46416257516192067,1.3633137020833697,1.0,-0.46190560158423283,1.3493065968938622,1.0,-0.46757978963309665,1.3485254551648573,1.0,-0.47867727863621445,1.343442358069533,1.0,-0.5094216815276108,1.3613214789132388,1.0,-0.49751362224529344,1.339860246722561,1.0,-0.5351434687398564,1.495618322874724,1.0,-0.5191629131879327,1.4714320847252826,1.0,-0.5094632493034073,1.4525827455626494,1.0,-0.4865306882713377,1.4134802220092266,1.0,-0.48075242429092246,1.41389740287399,1.0,-0.5235433865062665,1.548322878855919,1.0,-0.5208414824800169,1.5261456178077057,1.0,-0.5497975764497743,1.6622141440200655,1.0,-0.5434433756766492,1.6923608910326646,1.0,-0.5485037427126075,1.694451149148285,1.0,-0.5676489321000763,1.751001800067917,1.0,-0.5774879995907299,1.749482420482287,1.0,-0.6071492865025208,1.8034466677773473,1.0,-0.6784122395175752,1.9339282147743306,1.0,-0.6533818447463868,1.9236422552873467,1.0,-0.6965992831601864,1.9351825410589603,1.0,-0.7008630026563674,2.0428353663864667,1.0,-0.7044385146002734,2.0355374837356788,1.0,-0.6800559487528932,1.9745394052013527,1.0,-0.7849185480646335,2.1390701520010635,1.0,-0.7663695458682374,2.106779955721525,1.0,-0.7816389315676853,2.0991383126052128,1.0,-0.7845075120372612,2.0665462630175195,1.0,-0.8058307383339034,2.1428541433169337,1.0,-0.7755803731597093,2.101501986071134,1.0,-0.827147412908266,2.2040894227026158,1.0,-0.8350837166695411,2.1647455402708,1.0,-0.8355997214772678,2.098079338513655,1.0,-0.8642635937461121,2.066257830976029,1.0,-0.8860144875282242,2.125707316120849,1.0,-0.8827081878227896,2.1042974842369744,1.0,-0.889825260621241,2.133323701579656,1.0,-0.8792104462550909,2.177343877942444,1.0,-0.8513604599124995,2.238412245235082,1.0
2,0.0,0.0,0.0,0.0,0.0,0.0,0.0,0.0,0.0,0.0,0.0,0.0,0.0,0.0,0.0,0.0,0.0,0.0,0.0,0.0,0.0,0.0,0.0,0.0,0.0,0.0,0.0,0.0,0.0,0.0,0.0,0.0,0.0,0.0,0.0,0.0,0.0,0.0,0.0,0.0,0.0,0.0,0.0,0.0,0.0,0.0,0.0,0.0,0.0,0.0,0.0,0.0,0.0,0.0,0.0,0.0,0.0,0.0,0.0,0.0,0.0,0.0,0.0,0.0,0.0,0.0,0.0,0.0,0.0,0.0,0.0,0.0,0.0,0.0,0.0,0.0,0.0,0.0,0.0,0.0,0.0,0.0,0.0,0.0,0.0,0.0,0.0,0.0,0.0,0.0,0.0,0.0,0.0,0.0,0.0,0.0,0.0,0.0,0.0,0.0,0.0,0.0,0.0,0.0,0.0,0.0,0.0,0.0,0.0,0.0,0.0,0.0,0.0,0.0,0.0,0.0,0.0,-0.5487674767277566,2.5224737758565614,1.0,-0.6995643067052315,2.3814278716049175,1.0,-0.7370929004841537,2.3266090771858092,1.0,-0.7843527969517311,2.2565316098775803,1.0,0.0,0.0,0.0,-0.7828079194943154,2.1748734443035374,1.0,-0.20950957987678348,1.335849040908066,1.0,-0.20614578363199762,1.331240165420944,1.0,-0.2485859062732122,1.3703768766635125,1.0,-0.23978332089469825,1.3593443407056298,1.0,-0.26606560116330213,1.3828456938839644,1.0,-0.2639500083816252,1.306319811785202,1.0,-0.26461079258796977,1.3268380597809286,1.0,-0.2552473232537954,1.2902328773218974,1.0,-0.2595809990294469,1.2953313945787652,1.0,-0.2613673636410142,1.3218247020914085,1.0,-0.2680002472122726,1.3633852703293468,1.0,-0.2540995525858075,1.3694234841729325,1.0,-0.2704980831333795,1.4226747834841755,1.0,-0.2755351099069049,1.4399324536348281,1.0,-0.26703826828871746,1.4507876353294966,1.0,-0.2799171571287678,1.4555648485054153,1.0,-0.30415954135362044,1.414494766126546,1.0,-0.29987892710890524,1.4551349768801105,1.0,-0.3201112041932943,1.4491544505005896,1.0,-0.30981888653818457,1.4334476151359739,1.0,-0.3116313155245619,1.4253394218194666,1.0,-0.3173898236702857,1.5149600529661564,1.0,-0.2985332134771607,1.4796047110134505,1.0,-0.33116066602396527,1.7665695936004244,1.0,-0.356356062425364,1.8344205274978633,1.0,-0.3456912886835829,1.841908624967413,1.0,-0.35036983880205763,1.8684503004860642,1.0,-0.3524106913740766,1.8685825866952614,1.0,-0.37534013136261546,1.9062724987042083,1.0,-0.4092790155547648,2.070681982915578,1.0,-0.38760208868667767,2.0480261900063605,1.0,-0.4176038849573762,2.126588463918916,1.0,-0.47441957162741333,2.100667650277157,1.0,-0.5206493737801359,2.115932556317673,1.0,-0.5700226852091717,2.1694981225785654,1.0,-0.5013300983450558,2.400108211335549,1.0,-0.6145733089304298,2.2142707584418906,1.0,-0.5779219429980127,2.282165284920096,1.0,-0.5509505157385325,2.410376416459636,1.0,-0.5110372741805498,2.34891484413941,1.0,-0.5006519275123211,2.248819618809644,1.0,-0.5464937339324037,2.2093172823847325,0.75,-0.5748797730485902,2.140960286344813,0.75,-0.5354237596109218,2.1037802861020536,0.75,-0.539928457634064,2.117725335630537,0.75
2,0.0,0.0,0.0,0.0,0.0,0.0,0.0,0.0,0.0,0.0,0.0,0.0,0.0,0.0,0.0,0.0,0.0,0.0,0.0,0.0,0.0,0.0,0.0,0.0,0.0,0.0,0.0,0.0,0.0,0.0,0.0,0.0,0.0,0.0,0.0,0.0,0.0,0.0,0.0,0.0,0.0,0.0,0.0,0.0,0.0,0.0,0.0,0.0,0.0,0.0,0.0,0.0,0.0,0.0,0.0,0.0,0.0,0.0,0.0,0.0,0.0,0.0,0.0,0.0,0.0,0.0,0.0,0.0,0.0,0.0,0.0,0.0,0.0,0.0,0.0,0.0,0.0,0.0,0.0,0.0,0.0,0.0,0.0,0.0,0.0,0.0,0.0,0.0,0.0,0.0,0.0,0.0,0.0,0.0,0.0,0.0,0.0,0.0,0.0,0.0,0.0,0.0,0.0,0.0,0.0,0.0,0.0,0.0,0.0,0.0,0.0,0.0,0.0,0.0,0.0,0.0,0.0,0.0,0.0,0.0,0.0,0.0,0.0,0.0,0.0,0.0,0.0,0.0,0.0,0.0,0.0,0.0,0.0,0.0,0.0,-0.3627141531905809,1.3092514452206594,1.0,-0.3654577681598439,1.2957063269608673,1.0,-0.3728355560337447,1.3219122185408692,1.0,-0.37178885709036547,1.336668207493489,1.0,-0.3666295851953331,1.3201977980423036,1.0,-0.38262946094671113,1.3340160177722982,1.0,-0.3534269795724479,1.284655024264084,1.0,-0.38367227216882116,1.3407835660084866,1.0,-0.36750759887533296,1.306853763121101,1.0,-0.3791325847187348,1.3412473671299843,1.0,-0.39068058608790024,1.3554940006697254,1.0,-0.37357002687436136,1.3225808955131848,1.0,-0.37137444406084,1.3232149798766775,1.0,-0.38081585135825974,1.3173743191073033,1.0,-0.3790512207401987,1.3541040215379982,1.0,-0.37531853686549616,1.3301569577840704,1.0,-0.3738617782402973,1.3487392418986386,1.0,-0.37286844881132436,1.3491336615621718,1.0,-0.3554176135138801,1.3222342053967049,1.0,-0.3767422955078325,1.3663309213275798,1.0,-0.3689596508969825,1.3707239246459741,1.0,-0.34674791424591445,1.4145754312053365,1.0,-0.3448341973305234,1.4247826136835797,1.0,-0.38340832756635684,1.5045316909960715,1.0,-0.40608568902966635,1.5626274008567629,1.0,-0.4252361800322268,1.540902668499811,1.0,-0.4249399241730397,1.5752901218534976,1.0,-0.4827957356087188,1.799761870261488,1.0,-0.5168982281757692,1.856190040310216,1.0,-0.5154320046519739,2.163403753560659,1.0,-0.6361691871744114,2.1438509943316673,1.0,-0.6698192810000769,2.007591937072953,1.0,-0.5264791965047991,2.151021849935455,1.0,-0.6781241874372937,2.033841629669437,1.0,-0.6388293734620643,2.1337294185962343,1.0,-0.6445035527687478,2.1972528007109307,1.0,-0.6639887533971645,2.1642611053010996,1.0,-0.6645910525140788,2.1614687556231846,1.0,-0.6421445236691815,2.1601759795832,1.0,-0.6443972921875023,2.2007444483112297,1.0,-0.6382211844855511,2.167057964250372,1.0,-0.541019165096061,1.826775798589267,1.0,-0.6287928513786235,2.170556069862637,1.0,-0.6490478496413546,2.1451065917058116,1.0,-0.6217271835098649,2.132982294097843,1.0
2,0.0,0.0,0.0,0.0,0.0,0.0,0.0,0.0,0.0,0.0,0.0,0.0,0.0,0.0,0.0,0.0,0.0,0.0,0.0,0.0,0.0,0.0,0.0,0.0,0.0,0.0,0.0,0.0,0.0,0.0,0.0,0.0,0.0,0.0,0.0,0.0,0.0,0.0,0.0,0.0,0.0,0.0,0.0,0.0,0.0,0.0,0.0,0.0,0.0,0.0,0.0,0.0,0.0,0.0,0.0,0.0,0.0,0.0,0.0,0.0,0.0,0.0,0.0,0.0,0.0,0.0,0.0,0.0,0.0,0.0,0.0,0.0,0.0,0.0,0.0,0.0,0.0,0.0,0.0,0.0,0.0,0.0,0.0,0.0,0.0,0.0,0.0,-0.4850514824796915,1.752911979588271,1.0,0.0,0.0,0.0,0.0,0.0,0.0,0.0,0.0,0.0,-0.4358166443582676,1.7394275611893815,1.0,0.0,0.0,0.0,0.0,0.0,0.0,-0.5515306824439488,1.8505174405719056,1.0,0.0,0.0,0.0,0.0,0.0,0.0,-0.5296595908847331,1.8375383517974604,1.0,0.0,0.0,0.0,0.0,0.0,0.0,0.0,0.0,0.0,0.0,0.0,0.0,0.0,0.0,0.0,-0.37601525012555614,1.33369493683416,1.0,-0.3793723179735088,1.3825290959615286,1.0,-0.38042057816807734,1.579893379007771,1.0,-0.3962086991401547,1.7003948044495159,1.0,-0.4105613472434323,1.7367564837328244,1.0,-0.4442210101630494,1.813924288286123,1.0,-0.46635294534957744,1.9463897299165769,1.0,-0.4815950070619113,2.0168359719302926,1.0,-0.4973674361567012,2.0881922144663276,1.0,-0.5628617916281426,2.301470810151624,1.0,-0.6113011558060906,2.315685042818808,1.0,-0.6790375368075895,2.411340531494528,1.0,-0.6753525406276122,2.500969573981887,1.0,-0.4121004228539107,1.8780616747477268,1.0,-0.7022147785224071,2.4873018216515694,1.0,-0.7628234800311511,2.4448428721937736,1.0,-0.6472650468119499,2.5254603515803735,1.0,-0.7066584783589541,2.4289460253164914,1.0,-0.6911833826825061,2.5317126638542518,1.0,-0.804625530343695,2.5733644871982237,1.0,-0.787690494998603,2.571893390556021,1.0,-0.4772866935162656,2.111730045513866,1.0,-0.7239551886502437,2.4929449925391047,1.0,-0.7106839665090687,2.301177198383234,1.0,-0.7423857072679216,2.5933184888326397,1.0,-0.7090860313433345,2.4900579145589674,1.0,-0.688858841976592,2.4727489285117343,1.0,-0.670288382577159,2.4462477052713596,1.0,-0.6293920959523803,2.4087994819997536,1.0,-0.6725109240615041,2.4051302228547344,1.0,-0.6231276754107036,2.3211299610987117,1.0,-0.2834598877901691,1.7021722794513763,0.75,-0.616398585152783,2.323657847861589,1.0,-0.6101338683245947,2.3046921311469113,1.0,-0.634492700196974,1.7231722679020138,1.0,-0.6125919648471855,2.3290926125794957,1.0,-0.6073047456340568,2.298411672155643,1.0,-0.6407437348651982,2.3781478525023902,1.0,-0.6184764373283478,2.319437540540165,1.0,-0.32527259188956664,1.6622126097839938,0.5,-0.6489109056046173,2.383043399422061,1.0,-0.31571103557884633,1.764402477568045,1.0,-0.6534832107738525,2.402416586269723,1.0,-0.6050326217433624,2.2977140052847407,1.0,-0.6087813505927621,2.306116436933921,1.0
2,0.0,0.0,0.0,0.0,0.0,0.0,0.0,0.0,0.0,0.0,0.0,0.0,0.0,0.0,0.0,0.0,0.0,0.0,0.0,0.0,0.0,0.0,0.0,0.0,0.0,0.0,0.0,0.0,0.0,0.0,0.0,0.0,0.0,0.0,0.0,0.0,0.0,0.0,0.0,0.0,0.0,0.0,0.0,0.0,0.0,0.0,0.0,0.0,-0.36369743267833704,1.0007458773430613,1.0,0.0,0.0,0.0,0.0,0.0,0.0,0.0,0.0,0.0,0.0,0.0,0.0,0.0,0.0,0.0,0.0,0.0,0.0,0.0,0.0,0.0,0.0,0.0,0.0,-0.4866745233033552,1.801847783971298,1.0,0.0,0.0,0.0,0.0,0.0,0.0,0.0,0.0,0.0,0.0,0.0,0.0,0.0,0.0,0.0,0.0,0.0,0.0,0.0,0.0,0.0,0.0,0.0,0.0,0.0,0.0,0.0,0.0,0.0,0.0,0.0,0.0,0.0,0.0,0.0,0.0,0.0,0.0,0.0,0.0,0.0,0.0,0.0,0.0,0.0,0.0,0.0,0.0,0.0,0.0,0.0,0.0,0.0,0.0,0.0,0.0,0.0,-0.3766797047598431,1.3051430025140722,1.0,-0.39190648837095254,1.336352130320228,1.0,-0.4050482850706161,1.3392387086775281,1.0,-0.38951731162864195,1.3797164285634436,1.0,-0.3642503292234514,1.415476721122107,1.0,-0.36233108543313675,1.4673783862777579,1.0,-0.40894637211983637,1.570388664785079,1.0,-0.42385598506469835,1.5836159092555988,1.0,-0.45547182287327,1.7041182651918831,1.0,-0.4734278239941109,1.7098349810805236,1.0,-0.4881680374914121,1.8069203448500424,1.0,-0.49770488847573635,1.8332325306878432,1.0,-0.5134945307356198,1.944043739151254,1.0,-0.5343288568050466,2.100563525878738,1.0,-0.5714641845368109,2.1857858694247274,1.0,-0.6003853893448186,2.2525661831763504,1.0,-0.5972598112767257,2.30260503281425,1.0,-0.6014772367468327,2.2761278329353893,1.0,-0.5834886117382525,2.23585322423433,1.0,-0.5547258940768589,1.6857582972919747,1.0,-0.5845586986257829,2.215290578035376,1.0,-0.6075307908130063,2.2039544791983947,1.0,-0.6000358044629978,2.2096661448551616,1.0,-0.6116381413845288,2.2287678947499385,1.0,-0.6142543651883182,2.2221107925335293,1.0,-0.6085281050860712,1.9603188441942943,1.0,-0.6160756222966363,2.247124498195763,1.0,-0.5793570216499704,2.11747915835993,1.0,-0.5748754702415234,2.097453908501858,1.0,-0.5933956056989467,2.1240421884989935,1.0,-0.6021366833721928,2.1379258381286625,1.0,-0.6205210096177818,2.1197873979000024,1.0,-0.604966697738261,2.193214701171202,1.0,-0.5897160849643891,2.111586358753167,1.0,-0.5927653281367129,2.162099911317299,1.0,-0.5462735593358236,2.064284462602685,1.0,-0.5647647460423078,2.1024760043250437,1.0,-0.5362506136649251,2.035367111746779,1.0,-0.5449795438050464,2.003932034694567,1.0,-0.5513437310096316,2.0446318952543,1.0,-0.5894553275759116,2.091157624433528,1.0,-0.5493666130869294,1.9883064241060056,1.0,-0.5770213220962362,2.104030940524789,1.0,-0.5909163983860033,2.1323638165488976,1.0,-0.5770647025401088,2.124356786573851,1.0
2,0.0,0.0,0.0,0.0,0.0,0.0,0.0,0.0,0.0,0.0,0.0,0.0,0.0,0.0,0.0,0.0,0.0,0.0,0.0,0.0,0.0,0.0,0.0,0.0,0.0,0.0,0.0,0.0,0.0,0.0,0.0,0.0,0.0,0.0,0.0,0.0,0.0,0.0,0.0,0.0,0.0,0.0,0.0,0.0,0.0,0.0,0.0,0.0,0.0,0.0,0.0,0.0,0.0,0.0,0.0,0.0,0.0,0.0,0.0,0.0,0.0,0.0,0.0,0.0,0.0,0.0,0.0,0.0,0.0,0.0,0.0,0.0,0.0,0.0,0.0,0.0,0.0,0.0,0.0,0.0,0.0,0.0,0.0,0.0,0.0,0.0,0.0,0.0,0.0,0.0,0.0,0.0,0.0,0.0,0.0,0.0,-0.665417420588242,2.147101921082443,1.0,0.0,0.0,0.0,0.0,0.0,0.0,-0.679496963016836,2.2239493632679173,1.0,0.0,0.0,0.0,0.0,0.0,0.0,0.0,0.0,0.0,0.0,0.0,0.0,0.0,0.0,0.0,0.0,0.0,0.0,0.0,0.0,0.0,0.0,0.0,0.0,0.0,0.0,0.0,-0.3738528979428262,1.3444261573752154,1.0,-0.3814596937731391,1.3409340563830714,1.0,-0.3883844751790908,1.3874979767341755,1.0,-0.36239982941843046,1.371506572325375,1.0,-0.35699821068643434,1.3687001612384304,1.0,-0.3796133365386596,1.4403622038159976,1.0,-0.36743427657992955,1.3916585196412068,1.0,-0.36629666178676645,1.4225454510863724,1.0,-0.3633713166937517,1.3878234390921678,1.0,-0.37056600407401885,1.393064363024289,1.0,-0.3857008341559525,1.4166913749458854,1.0,-0.3798812193590017,1.3491272939598047,1.0,-0.38224803404583113,1.4008973704104397,1.0,-0.3752744480075011,1.4019456982164125,1.0,-0.3821251483917947,1.4556026346664945,1.0,-0.40500948573286755,1.6080547057900283,1.0,-0.4342233232240547,1.7312697732945708,1.0,-0.5009210317624926,1.9262629295881213,1.0,-0.5744647939199516,2.0811427565877296,1.0,-0.6508757274706337,2.250622760600286,1.0,-0.6830092867388158,2.255056224685278,1.0,-0.705883842302572,2.324041639555218,1.0,-0.6920577731923235,2.2936619077278557,1.0,-0.6976790824620008,2.2526037220074375,1.0,-0.6781358642905182,2.2209690607143857,1.0,-0.6955546165846688,2.2174191071081544,1.0,-0.6822962640116852,1.7784275812464314,1.0,-0.7192490615119048,2.26620450824933,1.0,-0.7011420634588715,2.2647372179732668,1.0,-0.7001689073243158,2.2272517579772937,1.0,-0.6873781538147528,2.214838262732462,1.0,-0.6830254233064345,2.2097001924243327,1.0,0.0,0.0,0.0,-0.6540857215813035,2.1635554875098366,1.0,-0.6770410862119823,2.1544776676187096,1.0,0.0,0.0,0.0,-0.6960497630241378,2.2125913120292062,1.0,-0.7024160175781946,2.2654147224710934,1.0,-0.7314272025626004,2.2548899593108493,1.0,-0.7191728338207147,2.266656083216655,1.0,-0.7328613249496657,2.244867106665662,1.0,-0.7116203094947947,2.234719768872132,1.0,-0.7166075161717715,2.247924669939989,1.0,-0.7326368278562027,2.29068168594461,1.0,-0.7205723010911684,2.275004304652693,1.0
2,0.0,0.0,0.0,0.0,0.0,0.0,0.0,0.0,0.0,0.0,0.0,0.0,0.0,0.0,0.0,0.0,0.0,0.0,0.0,0.0,0.0,0.0,0.0,0.0,0.0,0.0,0.0,0.0,0.0,0.0,0.0,0.0,0.0,0.0,0.0,0.0,0.0,0.0,0.0,0.0,0.0,0.0,0.0,0.0,0.0,0.0,0.0,0.0,-0.24062640422696777,1.8211226661903916,1.0,0.0,0.0,0.0,-0.5401783567572911,2.184472840565282,1.0,-0.4546106414020339,2.1231818859051512,1.0,0.0,0.0,0.0,-0.558063206272187,2.1554179992590896,1.0,0.0,0.0,0.0,0.0,0.0,0.0,0.0,0.0,0.0,0.0,0.0,0.0,0.0,0.0,0.0,0.0,0.0,0.0,0.0,0.0,0.0,0.0,0.0,0.0,0.0,0.0,0.0,0.0,0.0,0.0,0.0,0.0,0.0,0.0,0.0,0.0,0.0,0.0,0.0,0.0,0.0,0.0,0.0,0.0,0.0,0.0,0.0,0.0,0.0,0.0,0.0,0.0,0.0,0.0,0.0,0.0,0.0,0.0,0.0,0.0,0.0,0.0,0.0,0.0,0.0,0.0,-0.2745134609305664,1.731772122694946,1.0,-0.24092340221925967,1.2785302161724692,1.0,-0.23619683783770773,1.3366572600076467,1.0,-0.23894295407543362,1.3435609950869563,1.0,-0.2309164779185845,1.3762784116072433,1.0,-0.25088633116271153,1.345545269169266,1.0,-0.2650643577728058,1.3485605945365846,1.0,-0.2577282203547628,1.4015805196007052,1.0,-0.22517079138645502,1.334332648736498,1.0,-0.3043773080168045,1.8107067801255459,1.0,-0.28927073364401723,1.834229318512277,1.0,-0.2898213370845666,1.8462893024437435,1.0,0.0,0.0,0.0,-0.3584122667871008,1.9496141010769281,1.0,-0.3210286121790459,1.9416312317083073,0.25,-0.34195993999070146,1.992744231639398,0.5,-0.35850331867102975,2.04319944863833,0.5,-0.3409591876069426,2.0649579914819047,1.0,-0.35309125298856653,2.116952947182135,1.0,-0.38799481366285393,2.14071139021318,1.0,-0.3568758669238667,2.171253798552499,1.0,-0.365225736610592,2.1536562214935713,1.0,-0.3610498071383932,2.1267467257930335,1.0,-0.20539201095779877,2.1014261848281652,1.0,-0.42123194664130703,2.1754284484910826,1.0,-0.3951206141212841,2.1213469401807648,1.0,-0.4209168367561424,2.0892933887742773,1.0,-0.39356501751137113,2.2638728753116255,1.0,-0.3844338057806862,1.9992652368267698,1.0,-0.45197783614316533,2.0976177555276774,1.0,-0.41913553900807293,2.1290812358479414,1.0,-0.5703131480838995,2.311606361968638,1.0,-0.5968536767901415,2.319335737752327,1.0,-0.694464477262122,2.4256125216902147,1.0,-0.24597009883514998,1.81888926558598,1.0,-0.770954608456104,2.410251126998089,1.0,-0.7219943389199583,2.444809793164265,1.0,-0.27355242251412715,1.9517166029796478,1.0,-0.7080475646463364,2.4412885941145315,1.0,-0.7232644001666824,2.4868296287462894,1.0,-0.1932941129592062,1.7243462663230142,0.75,-0.7298349006632351,2.470569660715974,1.0,-0.1344937742103621,1.9056900263054488,1.0,-0.7206824499360128,2.45485625935369,1.0,-0.7504829402235271,2.5363692070239656,1.0,-0.7132228510711388,2.483845362935927,1.0
2,0.0,0.0,0.0,0.0,0.0,0.0,0.0,0.0,0.0,0.0,0.0,0.0,0.0,0.0,0.0,0.0,0.0,0.0,0.0,0.0,0.0,0.0,0.0,0.0,0.0,0.0,0.0,0.0,0.0,0.0,0.0,0.0,0.0,0.0,0.0,0.0,0.0,0.0,0.0,0.0,0.0,0.0,0.0,0.0,0.0,0.0,0.0,0.0,0.0,0.0,0.0,0.0,0.0,0.0,0.0,0.0,0.0,0.0,0.0,0.0,0.0,0.0,0.0,0.0,0.0,0.0,-0.34372042596009755,1.67426374967341,1.0,-0.4843540444692404,2.2568887406398592,1.0,-0.4713701990429915,2.252787119370802,1.0,-0.2789093197459335,1.7113117279810033,1.0,0.0,0.0,0.0,-0.3127153758183589,1.7212892230769763,1.0,-0.4658251208785261,2.273815694381058,1.0,0.0,0.0,0.0,0.0,0.0,0.0,0.0,0.0,0.0,-0.4746726258735618,2.246131031691237,1.0,0.0,0.0,0.0,-0.4531706694279941,2.1389801199936396,1.0,-0.46263868946148884,2.144328069222448,1.0,0.0,0.0,0.0,0.0,0.0,0.0,-0.44034739945436946,2.162374414981128,1.0,0.0,0.0,0.0,0.0,0.0,0.0,0.0,0.0,0.0,-0.42018145396159134,2.1611840147982755,1.0,-0.41759774723537396,2.190765699026432,1.0,-0.4166696441576378,2.1370963418671662,1.0,-0.324618587119886,1.2763927591656357,1.0,-0.31014317923178397,1.2963953859607256,1.0,-0.31289588053449396,1.2774657888424676,1.0,-0.29585554578117773,1.2031301123688363,1.0,-0.2929987044684907,1.2182914131223963,1.0,-0.3103142193765337,1.2553516203943094,1.0,-0.27430140382210827,1.3146896032143924,1.0,-0.2683118624185424,1.3120241413336426,1.0,-0.2771725266855102,1.3101186544057428,1.0,-0.2958741266437652,1.3169146445756155,1.0,-0.3158352931297083,1.390627357315018,1.0,-0.333361109853004,1.4575550002488256,1.0,-0.3544093384654971,1.485045444585399,1.0,-0.35154197592577263,1.5132402663321356,1.0,-0.3602243613469442,1.516583526211136,1.0,-0.365741890060529,1.623511957112929,1.0,-0.37166964349610876,1.7010467502043187,1.0,-0.39004713803765173,1.8287304339890993,1.0,-0.34255312332025806,1.7854859038089612,1.0,-0.42996298506412023,2.0548193639482473,1.0,-0.4366961768551604,2.109218475774857,1.0,-0.47529426379350503,2.2091658741866396,1.0,-0.47446002861576286,2.219727998326129,1.0,0.0,0.0,0.0,0.0,0.0,0.0,-0.4780903811558803,2.288936806069849,1.0,-0.4491174541998297,2.236175514386211,1.0,0.0,0.0,0.0,-0.46765176998390406,2.276644629070126,1.0,-0.26102398098830576,1.7116681688469493,1.0,-0.445560405167563,2.2389150950733985,1.0,-0.44499436004444426,2.238261823543418,1.0,0.0,0.0,0.0,-0.4735306073629024,2.2438410820111803,1.0,0.0,0.0,0.0,0.0,0.0,0.0,-0.45315575036401756,2.13719677920773,1.0,-0.45395276598023576,2.175523309322652,1.0,0.0,0.0,0.0,-0.4413370800414844,2.1473507739214734,1.0,-0.43474183077828543,2.1642872984271024,1.0,-0.43011412984849634,2.177853436965276,1.0,0.0,0.0,0.0,0.0,0.0,0.0,0.0,0.0,0.0
2,0.0,0.0,0.0,0.0,0.0,0.0,0.0,0.0,0.0,0.0,0.0,0.0,0.0,0.0,0.0,0.0,0.0,0.0,0.0,0.0,0.0,0.0,0.0,0.0,0.0,0.0,0.0,0.0,0.0,0.0,0.0,0.0,0.0,0.0,0.0,0.0,0.0,0.0,0.0,0.0,0.0,0.0,0.0,0.0,0.0,0.0,0.0,0.0,0.0,0.0,0.0,0.0,0.0,0.0,0.0,0.0,0.0,0.0,0.0,0.0,0.0,0.0,0.0,0.0,0.0,0.0,0.0,0.0,0.0,0.0,0.0,0.0,0.0,0.0,0.0,0.0,0.0,0.0,0.0,0.0,0.0,0.0,0.0,0.0,0.0,0.0,0.0,0.0,0.0,0.0,0.0,0.0,0.0,0.0,0.0,0.0,0.0,0.0,0.0,0.0,0.0,0.0,0.0,0.0,0.0,0.0,0.0,0.0,0.0,0.0,0.0,0.0,0.0,0.0,0.0,0.0,0.0,0.0,0.0,0.0,0.0,0.0,0.0,0.0,0.0,0.0,0.0,0.0,0.0,0.0,0.0,0.0,0.0,0.0,0.0,-0.3353357493510893,1.2705632700054312,1.0,-0.3317369792868467,1.2709658069262277,1.0,-0.3239414876596116,1.2598826829991725,1.0,-0.32835807221794483,1.2713499303951534,1.0,-0.32568573509467724,1.2872895477345916,1.0,-0.3289693783436503,1.2722248271148515,1.0,-0.33142218444166716,1.2838984926672792,1.0,-0.3282792740345824,1.2892734917032187,1.0,-0.33831508778613206,1.3302990011527704,1.0,-0.318746329943182,1.2851515150093094,1.0,-0.3126201226702723,1.325503572236976,1.0,-0.31591659021986496,1.3202890408334953,1.0,-0.3116570181553663,1.2928926501114844,1.0,-0.32449364615599285,1.2878605135120453,1.0,-0.30768335914066935,1.2600684473339958,1.0,-0.3247697953413812,1.2579955704951113,1.0,-0.3205822644859744,1.2447335415151841,1.0,-0.31424585477008476,1.2042371291025642,1.0,-0.33505057410879374,1.283770614113049,1.0,-0.3645283884761741,1.3390889973497002,1.0,-0.3824737514174762,1.3675689937268662,1.0,-0.4066483354049418,1.4208787144315669,1.0,-0.42034438278114455,1.4542575651509975,1.0,-0.4259380604370826,1.4949882837110826,1.0,-0.4257214790927507,1.5521162377646147,1.0,-0.45961531933377164,1.6418128586497516,1.0,-0.4258741965397723,1.7408384983147815,1.0,-0.44844185347437276,1.8221236535179925,1.0,-0.4478987480163863,1.8659733683558186,1.0,-0.43322059890925996,1.8953840099156019,1.0,-0.4535098784623684,1.9805498340167178,1.0,-0.41307129658033187,1.9222684017709366,1.0,-0.4154410250211679,1.974792182891936,1.0,-0.37277639130508466,1.9761190625135854,1.0,-0.40949871338827426,2.0434597854956245,1.0,-0.4074523190085426,1.997237926147425,1.0,-0.4132123510375163,1.985002687190302,1.0,-0.3915847328056974,1.906504395274659,1.0,-0.3837240536644933,1.931623320471676,1.0,-0.4124816296201127,1.9773405499261623,1.0,-0.42950742494243127,2.0105539307248566,1.0,-0.45357723902426317,2.040958771784409,1.0,-0.43005450950727026,1.9714822448801133,1.0,-0.45249304954191855,2.049113491714849,1.0,-0.4525863878132436,2.0593682315622215,1.0
2,0.0,0.0,0.0,0.0,0.0,0.0,0.0,0.0,0.0,0.0,0.0,0.0,0.0,0.0,0.0,0.0,0.0,0.0,0.0,0.0,0.0,0.0,0.0,0.0,0.0,0.0,0.0,0.0,0.0,0.0,0.0,0.0,0.0,0.0,0.0,0.0,0.0,0.0,0.0,0.0,0.0,0.0,0.0,0.0,0.0,0.0,0.0,0.0,0.0,0.0,0.0,0.0,0.0,0.0,0.0,0.0,0.0,0.0,0.0,0.0,0.0,0.0,0.0,0.0,0.0,0.0,0.0,0.0,0.0,0.0,0.0,0.0,0.0,0.0,0.0,0.0,0.0,0.0,0.0,0.0,0.0,0.0,0.0,0.0,0.0,0.0,0.0,0.0,0.0,0.0,0.0,0.0,0.0,0.0,0.0,0.0,0.0,0.0,0.0,-0.4436524764492938,1.8034660468600938,1.0,-0.571418675869592,1.8087352027087635,1.0,-0.5657775744430511,2.0113346631257483,1.0,-0.6339425000769539,1.865974824441211,0.5,0.0,0.0,0.0,0.0,0.0,0.0,0.0,0.0,0.0,0.0,0.0,0.0,0.0,0.0,0.0,0.0,0.0,0.0,-0.6651722163198974,1.9609431687985108,1.0,-0.690085584278729,2.0232278566164257,1.0,-0.41947754002537513,1.2247242027170995,1.0,-0.40596949633786616,1.2322616909661452,1.0,-0.388760154572819,1.232784346981387,1.0,-0.40475623773525815,1.2638093849895822,1.0,-0.38249209698625947,1.2275744853371073,1.0,-0.3635029515384162,1.275398385178048,1.0,-0.359646450193613,1.2386403689048535,1.0,-0.37827451381322336,1.275611423397361,1.0,-0.3599756504810776,1.2763114926269319,1.0,-0.3568839647691166,1.257747348520227,1.0,-0.3733271073122587,1.309796017683692,1.0,-0.3487410135016658,1.2806880454889398,1.0,-0.34293398096654854,1.2607978852685384,1.0,-0.36230249856553176,1.2927541306425387,1.0,-0.3473063092073682,1.273525187331971,1.0,-0.35724461436790567,1.3019146985151935,1.0,-0.33098063853593845,1.2696109962963007,1.0,-0.31944648052742924,1.2560552206842341,1.0,-0.3223152323061812,1.2892061774428798,1.0,-0.3259025436809572,1.315870604075847,1.0,-0.32064237516496563,1.3068570664189623,1.0,-0.34949734145784256,1.3230240693619475,1.0,-0.3605320171725825,1.386482374087814,1.0,-0.3599096940770919,1.3834480771894504,1.0,-0.3605821300767669,1.3512774088830548,1.0,-0.37631927778353946,1.376978077688263,1.0,-0.37566780539950934,1.475298147043557,1.0,-0.4094573915164186,1.5595212542397525,1.0,-0.44563291642740605,1.6733438983529756,1.0,-0.4514751454854872,1.6950016214640184,1.0,-0.4958342831343052,1.7484494439544884,1.0,-0.5145924302723434,1.7968741454687267,1.0,-0.5486505326282995,1.8767770439482938,1.0,0.0,0.0,0.0,-0.6761704547496359,2.1055319095355545,1.0,0.0,0.0,0.0,-0.6281268626646778,2.220728706590051,1.0,-0.6059729988654535,2.340433556847926,1.0,-0.5895832173469452,2.2331429050269165,1.0,-0.6337701461299197,2.3383817212950806,1.0,-0.5656026920879718,2.318679203491549,1.0,-0.6178800516401758,2.3401463661265427,1.0,-0.659839917714627,2.2822234155096437,1.0,-0.6583472496464554,2.1383923023080005,1.0,-0.6623686394993469,2.348901957774166,1.0
3,0.0,0.0,0.0,0.0,0.0,0.0,0.0,0.0,0.0,0.0,0.0,0.0,0.0,0.0,0.0,0.0,0.0,0.0,0.0,0.0,0.0,0.0,0.0,0.0,0.0,0.0,0.0,0.0,0.0,0.0,0.0,0.0,0.0,0.0,0.0,0.0,0.0,0.0,0.0,0.0,0.0,0.0,0.0,0.0,0.0,0.0,0.0,0.0,0.0,0.0,0.0,0.0,0.0,0.0,0.0,0.0,0.0,0.0,0.0,0.0,0.0,0.0,0.0,0.0,0.0,0.0,0.0,0.0,0.0,0.0,0.0,0.0,0.0,0.0,0.0,0.0,0.0,0.0,0.0,0.0,0.0,0.0,0.0,0.0,0.0,0.0,0.0,0.0,0.0,0.0,0.0,0.0,0.0,0.0,0.0,0.0,0.0,0.0,0.0,0.0,0.0,0.0,0.0,0.0,0.0,0.0,0.0,0.0,0.0,0.0,0.0,0.0,0.0,0.0,0.0,0.0,0.0,0.0,0.0,0.0,0.0,0.0,0.0,0.0,0.0,0.0,0.0,0.0,0.0,0.0,0.0,0.0,0.0,0.0,0.0,-1.279867707271223,1.5715192389388521,1.0,-1.2720479180562902,1.5630824228902638,1.0,-1.2422331562036066,1.5554894287964256,1.0,-1.235512375632445,1.5342885873419585,1.0,-1.05311631424358,1.4562047790534758,1.0,-0.9685614531640621,1.3984970374497334,1.0,-0.9604095488745464,1.419874663922014,1.0,-0.9150833008635647,1.4303121070902998,1.0,-0.8852893339526168,1.5076299549607477,1.0,-0.8498367339188854,1.5469701292499065,1.0,-0.707249357901066,1.5833572522953852,1.0,-0.7007922103201362,1.6010333176430933,1.0,-0.7380368055199888,1.6415232342838393,1.0,-0.753048257108676,1.6531984826461976,1.0,-0.779604461755147,1.6243365206399853,1.0,-0.8285731407588237,1.640326356156616,1.0,-0.8826730379537864,1.6473676497533667,1.0,-1.0526800158061242,1.5450135571327526,1.0,-1.1070076214039257,1.5503733667344977,1.0,-1.146716061735077,1.506012394105737,1.0,-1.1860668398696768,1.4747772426549013,1.0,-1.223010449907283,1.4333312651261871,1.0,-1.2093704655446647,1.3836368813308373,1.0,-1.1914557658949683,1.3202996756810645,1.0,-1.1813083047884307,1.2586510084912583,1.0,-1.0925227655015906,1.1735905016897386,1.0,-1.0419318309764372,1.1645878457748207,1.0,-1.0034271836858042,1.1620433229226619,1.0,-0.9476004045810954,1.1826522704910623,1.0,-0.9063624276674783,1.205532465515354,1.0,-0.863410432817779,1.2372640771474832,1.0,-0.8085516783139447,1.2595097590544804,1.0,-0.6471559645037466,1.3570805263126278,1.0,-0.5992675985523173,1.356376454789615,1.0,-0.6021171443947435,1.392122167696692,1.0,-0.6070818670831164,1.4023123497822092,1.0,-0.6176165726304295,1.4422356532197025,1.0,-0.7229696502383123,1.540589941987192,1.0,-0.762172359184629,1.5504597874471975,1.0,-0.7988891656554924,1.5842512693940465,1.0,-0.8648587105000571,1.6171922701418109,1.0,-0.9300547176390457,1.6235556596675043,1.0,-0.9631817171857919,1.5931787164055549,1.0,-1.0221922713965492,1.600904473535562,1.0,-1.1237265575592081,1.446464709046198,1.0
3,0.0,0.0,0.0,0.0,0.0,0.0,0.0,0.0,0.0,0.0,0.0,0.0,0.0,0.0,0.0,0.0,0.0,0.0,0.0,0.0,0.0,0.0,0.0,0.0,0.0,0.0,0.0,0.0,0.0,0.0,0.0,0.0,0.0,0.0,0.0,0.0,0.0,0.0,0.0,0.0,0.0,0.0,0.0,0.0,0.0,0.0,0.0,0.0,0.0,0.0,0.0,0.0,0.0,0.0,0.0,0.0,0.0,0.0,0.0,0.0,0.0,0.0,0.0,0.0,0.0,0.0,0.0,0.0,0.0,0.0,0.0,0.0,0.0,0.0,0.0,0.0,0.0,0.0,0.0,0.0,0.0,0.0,0.0,0.0,0.0,0.0,0.0,0.0,0.0,0.0,0.0,0.0,0.0,0.0,0.0,0.0,0.0,0.0,0.0,0.0,0.0,0.0,0.0,0.0,0.0,0.0,0.0,0.0,0.0,0.0,0.0,0.0,0.0,0.0,0.0,0.0,0.0,0.0,0.0,0.0,0.0,0.0,0.0,0.0,0.0,0.0,0.0,0.0,0.0,0.0,0.0,0.0,0.0,0.0,0.0,-0.8485351199736196,1.2537077519215036,1.0,-0.8464212816579807,1.257983280740565,1.0,-0.8535543304520757,1.2423167623040212,1.0,-0.8589335131106759,1.2448434743914896,1.0,-0.8686311773034573,1.2635455915761775,1.0,-0.8642212946542378,1.3112538326069358,1.0,-0.8341201031794574,1.2761083483054507,1.0,-0.8075718158273748,1.261685884015733,1.0,-0.7945237337071315,1.3003108318474168,1.0,-0.7525957400847461,1.2851677471570468,1.0,-0.722469974649934,1.3227359154766418,1.0,-0.6647160004395837,1.3139183703926811,1.0,-0.5367229230919132,1.4328709443643723,1.0,-0.517145245161139,1.5006550470537756,1.0,-0.501366731801663,1.5427414757521822,1.0,-0.5206998803659774,1.6434985930155916,1.0,-0.5399529517207483,1.696116191050189,1.0,-0.5797870534180972,1.7590066553907369,1.0,-0.6226583396814701,1.7877816226188032,1.0,-0.8772149251009242,1.9262743475442736,1.0,-1.0015508549970003,1.9252021398019707,1.0,-1.121923808756635,1.9342261665187508,1.0,-1.2055285618239782,1.931005713699289,1.0,-1.3117465889471083,1.916382282534243,1.0,-1.334392441826515,1.862219133401818,1.0,-1.3583420049219035,1.812488148456703,1.0,-1.352849438508906,1.526937537865102,1.0,-1.363033603119841,1.4863910822013588,1.0,-1.3251142790960855,1.4539008149632449,1.0,-1.2882460220741003,1.4174514205349655,1.0,-1.2595580883280877,1.3623974180035299,1.0,-1.225912046611546,1.3806926239890311,1.0,-1.1608009904310745,1.3902412936636106,1.0,-1.0909596601863325,1.389542673565867,1.0,-0.8362616294510513,1.6455177463850137,1.0,-0.7010970763514431,1.6506450416744414,1.0,-0.6174705684095068,1.6860430824353216,1.0,-0.5725438246315423,1.7574399857379175,1.0,-0.5601185075898348,1.7776500597937548,1.0,-0.5791629875824391,1.8381759581161699,1.0,-0.6021181181249442,1.86230333393381,1.0,-0.8181798470656002,1.9916538623869637,1.0,-0.9288663493607197,2.047193818273293,1.0,-0.9965453317451017,1.9937481842179672,1.0,-1.0801291904509478,1.9875265267616704,1.0
3,0.0,0.0,0.0,0.0,0.0,0.0,0.0,0.0,0.0,0.0,0.0,0.0,0.0,0.0,0.0,0.0,0.0,0.0,0.0,0.0,0.0,0.0,0.0,0.0,0.0,0.0,0.0,0.0,0.0,0.0,0.0,0.0,0.0,0.0,0.0,0.0,0.0,0.0,0.0,0.0,0.0,0.0,0.0,0.0,0.0,0.0,0.0,0.0,0.0,0.0,0.0,0.0,0.0,0.0,0.0,0.0,0.0,0.0,0.0,0.0,0.0,0.0,0.0,0.0,0.0,0.0,0.0,0.0,0.0,0.0,0.0,0.0,0.0,0.0,0.0,0.0,0.0,0.0,0.0,0.0,0.0,0.0,0.0,0.0,0.0,0.0,0.0,0.0,0.0,0.0,0.0,0.0,0.0,0.0,0.0,0.0,0.0,0.0,0.0,0.0,0.0,0.0,0.0,0.0,0.0,0.0,0.0,0.0,0.0,0.0,0.0,0.0,0.0,0.0,0.0,0.0,0.0,0.0,0.0,0.0,0.0,0.0,0.0,0.0,0.0,0.0,0.0,0.0,0.0,0.0,0.0,0.0,0.0,0.0,0.0,-1.1769247758476897,1.496151245341952,1.0,-1.1576298844146264,1.451336392896112,1.0,-1.1231187632705188,1.4424465905006025,1.0,-1.0799550043913984,1.4290722915023197,1.0,-0.998258489358477,1.4186665503191829,1.0,-0.9382415330453455,1.4588529428967525,1.0,-0.8680123179652796,1.4945482602654212,1.0,-0.7763557937686121,1.5395871873554867,1.0,-0.7439930962532266,1.6625813043500515,1.0,-0.505721892178472,1.7526046415073604,1.0,-0.5112772504442619,1.7883169427070293,1.0,-0.5040036714662212,1.7446356306409936,1.0,-0.5429133680490026,1.804228997005251,1.0,-0.594252381408162,1.8946604431160687,1.0,-0.6128162079231785,1.8839560374052842,1.0,-0.6830338159354162,1.8905286345343182,1.0,-0.8775348575127528,1.9133678632219109,1.0,-0.9681770263990453,1.8763469706759235,1.0,-1.0545707062688905,1.9179008455086888,1.0,-1.1485151912844942,1.9495258670788556,1.0,-1.2172243150312132,1.9646353301701711,1.0,-1.2955166836088359,1.9402135628048447,1.0,-1.3249859568033522,1.8678372822938925,1.0,-1.319892176443347,1.7375537523612778,1.0,-1.3736337031531833,1.4639061151947146,1.0,-1.3403269516091874,1.3820713768845019,1.0,-1.304252459319929,1.3297213502275915,1.0,-1.2849859635276346,1.3136284593047682,1.0,-1.2313316874893667,1.2931446086589886,1.0,-1.183370586497465,1.278233056601623,1.0,-1.1337153510057385,1.3005146160274985,1.0,-0.9287380327093535,1.5823087194167584,1.0,-0.7797902720152612,1.585693320429133,1.0,-0.7041551264723527,1.6022187836859274,1.0,-0.6534319803069146,1.665173348030726,1.0,-0.628697826215068,1.71628405071207,1.0,-0.6217423006659465,1.7477570917709828,1.0,-0.6663103166987031,1.810379931493597,1.0,-0.8418597277269082,1.8992621361996982,1.0,-0.9747276288825797,1.9520424833622718,1.0,-1.013605705728928,1.8806208543273497,1.0,-1.1196130960791517,1.899624514393781,1.0,-1.1901201223587285,1.8624638082670768,1.0,-1.2782891698169838,1.863369547807403,1.0,-1.2774259546128495,1.7354941093187213,1.0
3,0.0,0.0,0.0,0.0,0.0,0.0,0.0,0.0,0.0,0.0,0.0,0.0,0.0,0.0,0.0,0.0,0.0,0.0,0.0,0.0,0.0,0.0,0.0,0.0,0.0,0.0,0.0,0.0,0.0,0.0,0.0,0.0,0.0,0.0,0.0,0.0,0.0,0.0,0.0,0.0,0.0,0.0,0.0,0.0,0.0,0.0,0.0,0.0,0.0,0.0,0.0,0.0,0.0,0.0,0.0,0.0,0.0,0.0,0.0,0.0,0.0,0.0,0.0,0.0,0.0,0.0,0.0,0.0,0.0,0.0,0.0,0.0,0.0,0.0,0.0,0.0,0.0,0.0,0.0,0.0,0.0,0.0,0.0,0.0,0.0,0.0,0.0,0.0,0.0,0.0,0.0,0.0,0.0,0.0,0.0,0.0,0.0,0.0,0.0,0.0,0.0,0.0,0.0,0.0,0.0,0.0,0.0,0.0,0.0,0.0,0.0,0.0,0.0,0.0,0.0,0.0,0.0,0.0,0.0,0.0,0.0,0.0,0.0,0.0,0.0,0.0,0.0,0.0,0.0,0.0,0.0,0.0,0.0,0.0,0.0,-0.9758639696784093,1.4794914010975413,1.0,-0.9613663864840517,1.4636655978501518,1.0,-0.9478512568014021,1.4359083495113458,1.0,-0.9182915491905794,1.423501593497445,1.0,-0.758241857312631,1.5005480681808185,1.0,-0.7076486796642917,1.6064072422483422,1.0,-0.6403616464288591,1.6423137865824704,1.0,-0.5919288888572125,1.6821373967819548,1.0,-0.5492423874716829,1.7018767825528371,1.0,-0.5446703259202038,1.7584535775834655,1.0,-0.5564575412230042,1.819765013343509,1.0,-0.6990392830961227,1.9411121548164896,1.0,-0.7535454971472969,1.995517113383716,1.0,-0.8458392728042424,2.12611154827735,1.0,-0.905149322156223,2.0663959564684005,1.0,-0.9682415337885245,2.0409926839797463,1.0,-1.0575644984376673,2.0414865251005763,1.0,-1.1462774505433646,2.0001609890045793,1.0,-1.2137121980475039,1.9511541653559834,1.0,-1.409264432324964,1.8133324918839269,1.0,-1.4023550611628604,1.6941345082048926,1.0,-1.3774930650305428,1.6072027145657917,1.0,-1.3731179274655694,1.5835323313778005,1.0,-1.3363787639364284,1.5086236459512776,1.0,-1.3028449766901284,1.463261820780064,1.0,-1.1349319211964901,1.4773766306245395,1.0,-0.994763035061021,1.4711507169952447,1.0,-0.8984450405745762,1.4698771098868517,1.0,-0.7974429256422402,1.4767241171809429,1.0,-0.7334030766867282,1.4982482763053266,1.0,-0.686743742707749,1.5366470631904439,1.0,-0.625899766055076,1.5549598554913664,1.0,-0.6764942162681982,1.6136648582428619,1.0,-0.7548332775266073,1.6595605222739136,1.0,-0.8164800424000055,1.6867504877453736,1.0,-0.8896827107207271,1.716411160989248,1.0,-0.998207693416391,1.7995659107968087,1.0,-1.0775203164968192,1.788542616845241,1.0,-1.1430401543513693,1.7618933215377228,1.0,-1.2775492818356666,1.8280216178048043,1.0,-1.36922479764449,1.5527915045963852,1.0,-1.3727133602357584,1.490166018376624,1.0,-1.4004959678726967,1.48244151494515,1.0,-1.3777625879418514,1.4260592405524384,1.0,-1.371106739105656,1.4341993451158284,1.0
3,0.0,0.0,0.0,0.0,0.0,0.0,0.0,0.0,0.0,0.0,0.0,0.0,0.0,0.0,0.0,0.0,0.0,0.0,0.0,0.0,0.0,0.0,0.0,0.0,0.0,0.0,0.0,0.0,0.0,0.0,0.0,0.0,0.0,0.0,0.0,0.0,0.0,0.0,0.0,0.0,0.0,0.0,0.0,0.0,0.0,0.0,0.0,0.0,0.0,0.0,0.0,0.0,0.0,0.0,0.0,0.0,0.0,0.0,0.0,0.0,0.0,0.0,0.0,0.0,0.0,0.0,0.0,0.0,0.0,0.0,0.0,0.0,0.0,0.0,0.0,0.0,0.0,0.0,0.0,0.0,0.0,0.0,0.0,0.0,0.0,0.0,0.0,0.0,0.0,0.0,0.0,0.0,0.0,0.0,0.0,0.0,0.0,0.0,0.0,0.0,0.0,0.0,0.0,0.0,0.0,0.0,0.0,0.0,0.0,0.0,0.0,0.0,0.0,0.0,0.0,0.0,0.0,0.0,0.0,0.0,0.0,0.0,0.0,0.0,0.0,0.0,0.0,0.0,0.0,0.0,0.0,0.0,0.0,0.0,0.0,-0.7192535433834907,1.6677969125484378,1.0,-0.7119939829999429,1.656461884705057,1.0,-0.6987950839814469,1.6495808098922113,1.0,-0.7007916303637939,1.6391644359397637,1.0,-0.6667648698788843,1.594090422267304,1.0,-0.6842817015484991,1.6307969179964867,1.0,-0.6618177669559093,1.6126554724225262,1.0,-0.642787700282069,1.5835395983777405,1.0,-0.6359348903419121,1.5437690901770036,1.0,-0.6333881766077827,1.5511625379214276,1.0,-0.6410809814606744,1.5360316185337097,1.0,-0.7250260003928035,1.5581807984568,1.0,-0.7589673216103311,1.6479065861103885,1.0,-0.7876060249001822,1.7178606359651702,1.0,-0.8260135391004789,1.7803046603797104,1.0,-0.8546343637235072,1.8053956248147056,1.0,-0.8856700689313919,1.8286677032260341,1.0,-0.9318487997687493,1.8512165045902333,1.0,-1.005465961634221,1.904701353156443,1.0,-1.258036232044738,1.7557917867133401,1.0,-1.3384495951251167,1.7145001464608627,1.0,-1.3501891600560687,1.5954213787938438,1.0,-1.3856123248574355,1.5565317844458395,1.0,-1.372300588589411,1.480449728339691,1.0,-1.39434234212327,1.4597496039071702,1.0,-1.3802415098986336,1.3919511218565395,1.0,-1.3093061094768987,1.496318444053577,1.0,-1.2002747040434971,1.4707614093011534,1.0,-1.0973928988657706,1.4908135834014258,1.0,-0.9646142050381666,1.5340985737324313,1.0,-0.8451321107065528,1.563237762387017,1.0,-0.7328692114613927,1.5629815816976578,1.0,-0.6424124915962702,1.593637162673474,1.0,-0.5486628815231192,1.5703958078669946,1.0,-0.45864383948677595,1.7186792589784277,1.0,-0.49963543215958495,1.8071114322207238,1.0,-0.5804546241632549,1.8115226147130719,1.0,-0.6558707434872838,1.8310539529138774,1.0,-0.7614006977865232,1.8800104272855866,1.0,-0.8589238344887434,1.9002632105871793,1.0,-0.9431626987103265,1.876919224723517,1.0,-1.1813916688358697,1.6932717484673325,1.0,-1.240675767383967,1.616558133500652,1.0,-1.265108022712959,1.5794139136276084,1.0,-1.3159984480836688,1.5854740490201031,1.0
3,0.0,0.0,0.0,0.0,0.0,0.0,0.0,0.0,0.0,0.0,0.0,0.0,0.0,0.0,0.0,0.0,0.0,0.0,0.0,0.0,0.0,0.0,0.0,0.0,0.0,0.0,0.0,0.0,0.0,0.0,0.0,0.0,0.0,0.0,0.0,0.0,0.0,0.0,0.0,0.0,0.0,0.0,0.0,0.0,0.0,0.0,0.0,0.0,0.0,0.0,0.0,0.0,0.0,0.0,0.0,0.0,0.0,0.0,0.0,0.0,0.0,0.0,0.0,0.0,0.0,0.0,0.0,0.0,0.0,0.0,0.0,0.0,0.0,0.0,0.0,0.0,0.0,0.0,0.0,0.0,0.0,0.0,0.0,0.0,0.0,0.0,0.0,0.0,0.0,0.0,0.0,0.0,0.0,0.0,0.0,0.0,0.0,0.0,0.0,0.0,0.0,0.0,0.0,0.0,0.0,0.0,0.0,0.0,0.0,0.0,0.0,0.0,0.0,0.0,0.0,0.0,0.0,0.0,0.0,0.0,0.0,0.0,0.0,0.0,0.0,0.0,0.0,0.0,0.0,0.0,0.0,0.0,0.0,0.0,0.0,-0.6332349494941363,1.6023768989654632,1.0,-0.6259614816104109,1.5834972673215477,1.0,-0.5955436136389416,1.5611564042926511,1.0,-0.5997038629933529,1.5693031174874217,1.0,-0.5845361007343618,1.614720146629325,1.0,-0.52286925016388,1.7060739307490682,1.0,-0.5247312101573165,1.8013865506660756,1.0,-0.5448088117105987,1.8737856978001288,1.0,-0.5833454105374231,1.8656763743998663,1.0,-0.6010595845592058,1.8582602003502857,1.0,-0.6696561361458255,1.9254057582724031,1.0,-0.7681670794372351,1.9748787269399004,1.0,-1.0790869182559253,1.9704945588263572,1.0,-1.2296456281702526,1.9777490057300735,1.0,-1.291921433769736,1.8805962280721893,1.0,-1.3584745312102045,1.8589973156737012,1.0,-1.350459540634189,1.722984020758135,1.0,-1.3959841537142585,1.7011254251299646,1.0,-1.3792247134051931,1.5969265533791366,1.0,-1.413782042567873,1.567640422864511,1.0,-1.2747724324450898,1.3671427629216815,1.0,-1.2834182242721839,1.4030109003622957,1.0,-1.197445638259515,1.401976862836626,1.0,-1.1087252031589037,1.3762703689084435,1.0,-1.0229758103019502,1.3822880011308403,1.0,-0.9587440949967105,1.4300608781878372,1.0,-0.8572086424689029,1.4381076434193527,1.0,-0.6195700307391291,1.5810888840124786,1.0,-0.5167910530748958,1.5719770771531374,1.0,-0.4716622719342923,1.5413287499107386,1.0,-0.46354910877419386,1.5873748646717416,1.0,-0.4453291918321686,1.612302662075965,1.0,-0.47054382200891204,1.646405063093523,1.0,-0.5017599919377785,1.6907102865816275,1.0,-0.5499074625482747,1.7836864342582648,1.0,-0.7981812439176471,1.8979938346066212,1.0,-0.9164371310701501,1.9271943309026223,1.0,-0.9752634654637949,1.9454993277511172,1.0,-1.036521646299723,1.909706451173152,1.0,-1.1450812717387937,1.9272018649024834,1.0,-1.1840286966950015,1.8439825577476372,1.0,-1.2327047556198247,1.8460738884864634,1.0,-1.3502841029933916,1.606424004886471,1.0,-1.3512914034418577,1.5578741382325418,1.0,-1.3308596171690015,1.5007685217711895,1.0
3,0.0,0.0,0.0,0.0,0.0,0.0,0.0,0.0,0.0,0.0,0.0,0.0,0.0,0.0,0.0,0.0,0.0,0.0,0.0,0.0,0.0,0.0,0.0,0.0,0.0,0.0,0.0,0.0,0.0,0.0,0.0,0.0,0.0,0.0,0.0,0.0,0.0,0.0,0.0,0.0,0.0,0.0,0.0,0.0,0.0,0.0,0.0,0.0,0.0,0.0,0.0,0.0,0.0,0.0,0.0,0.0,0.0,0.0,0.0,0.0,0.0,0.0,0.0,0.0,0.0,0.0,0.0,0.0,0.0,0.0,0.0,0.0,0.0,0.0,0.0,0.0,0.0,0.0,0.0,0.0,0.0,0.0,0.0,0.0,0.0,0.0,0.0,0.0,0.0,0.0,0.0,0.0,0.0,0.0,0.0,0.0,0.0,0.0,0.0,0.0,0.0,0.0,0.0,0.0,0.0,0.0,0.0,0.0,0.0,0.0,0.0,0.0,0.0,0.0,0.0,0.0,0.0,0.0,0.0,0.0,0.0,0.0,0.0,0.0,0.0,0.0,0.0,0.0,0.0,0.0,0.0,0.0,0.0,0.0,0.0,-0.5541064172222462,1.7159384814437282,1.0,-0.5519457825643661,1.6981823937043152,1.0,-0.5502624630671379,1.678049383232406,1.0,-0.5621477054986839,1.6780278829264206,1.0,-0.5230859815065061,1.701247098102944,1.0,-0.5179873533917728,1.7112215231964967,1.0,-0.4920041624058817,1.6855148433674076,1.0,-0.5055604634958141,1.6657663871598414,1.0,-0.5088510800587775,1.6904093079071278,1.0,-0.5114444607537053,1.6772336115227258,1.0,-0.5099541043263365,1.7043497343443572,1.0,-0.6574811337651472,1.8644815130650552,1.0,-0.7184110129160599,1.8899064013972569,1.0,-0.7984052874274784,1.9034794320499695,1.0,-0.8670095445810311,1.88676633091243,1.0,-0.9456156438965712,1.8585141422649933,1.0,-1.0446194648961333,1.841448976353896,1.0,-1.1033464343267194,1.779181471915492,1.0,-1.1643218660643049,1.7567037988409826,1.0,-1.3127103153957402,1.5422847416242464,1.0,-1.3153115390020442,1.4721077658544097,1.0,-1.3472214480218534,1.4488974208929533,1.0,-1.3440763845461616,1.4177271887033231,1.0,-1.3604229485792525,1.4169676100195716,1.0,-1.3780554745503613,1.3950396965331073,1.0,-1.2375564581370635,1.4754194071661644,1.0,-1.110047511186213,1.4371332041153104,1.0,-1.0605930101246352,1.504819215625094,1.0,-0.9480563491789049,1.5146030185413468,1.0,-0.8525900069021991,1.5311057166206108,1.0,-0.7368609763577308,1.5424229975149044,1.0,-0.5158851698375944,1.6217415191437736,1.0,-0.47344831438960167,1.6172631955341688,1.0,-0.4699142203132124,1.6449819989680272,1.0,-0.49367727733708,1.6460825623470892,1.0,-0.5340262827347694,1.7254286245034938,1.0,-0.5734272452230157,1.731775401888551,1.0,-0.6201701802419349,1.7523009246029677,1.0,-0.6713719094239651,1.7486802973767972,1.0,-0.9338835202907131,1.7998296841011154,1.0,-1.0318183895882,1.778176912343884,1.0,-1.1275619774238423,1.8009435441810335,1.0,-1.1885419755188789,1.7441332971811163,1.0,-1.2150571109168287,1.6651661464291536,1.0,-1.2541083501854975,1.6342710140111805,1.0
3,0.0,0.0,0.0,0.0,0.0,0.0,0.0,0.0,0.0,0.0,0.0,0.0,0.0,0.0,0.0,0.0,0.0,0.0,0.0,0.0,0.0,0.0,0.0,0.0,0.0,0.0,0.0,0.0,0.0,0.0,0.0,0.0,0.0,0.0,0.0,0.0,0.0,0.0,0.0,0.0,0.0,0.0,0.0,0.0,0.0,0.0,0.0,0.0,0.0,0.0,0.0,0.0,0.0,0.0,0.0,0.0,0.0,0.0,0.0,0.0,0.0,0.0,0.0,0.0,0.0,0.0,0.0,0.0,0.0,0.0,0.0,0.0,0.0,0.0,0.0,0.0,0.0,0.0,0.0,0.0,0.0,0.0,0.0,0.0,0.0,0.0,0.0,0.0,0.0,0.0,0.0,0.0,0.0,0.0,0.0,0.0,0.0,0.0,0.0,0.0,0.0,0.0,0.0,0.0,0.0,0.0,0.0,0.0,0.0,0.0,0.0,0.0,0.0,0.0,0.0,0.0,0.0,0.0,0.0,0.0,0.0,0.0,0.0,0.0,0.0,0.0,0.0,0.0,0.0,0.0,0.0,0.0,0.0,0.0,0.0,-0.9771475509312456,1.4796034090883015,1.0,-0.9969739528812332,1.5005637550390891,1.0,-1.019517944710154,1.5070871073499994,1.0,-0.9926815304847667,1.4929706706396717,1.0,-0.9503050211103425,1.4553218724572374,1.0,-0.91338998624375,1.507825261204743,1.0,-0.8902477735235891,1.5498379086952279,1.0,-0.8115682804558398,1.552008789007527,1.0,-0.7072855439580832,1.5973878377083781,1.0,-0.61662725313431,1.5752757051142687,1.0,-0.5342984903718038,1.6501001220016744,1.0,-0.37677748052412746,1.8057153318746657,1.0,-0.3952571362239771,1.8977227242296473,1.0,-0.44083961936381255,1.9261819556441537,1.0,-0.49669899986017535,1.9897010274187499,1.0,-0.5353733355893523,1.927055294187897,1.0,-0.5898725116933307,1.8997182323588506,1.0,-0.680287207513529,1.932836233666502,1.0,-0.9125386233452439,1.83854305323008,1.0,-1.0286592522213327,1.7758053629615678,1.0,-1.0967146497837077,1.7721502589339975,1.0,-1.1537761300693465,1.7240803571662056,1.0,-1.2158121611246382,1.6837809294942674,1.0,-1.3069006896546342,1.7088003981012552,1.0,-1.3274925252178444,1.6379037474631364,1.0,-1.3059340972261262,1.5571709750871812,1.0,-1.3373825642711943,1.4275511817192734,1.0,-1.3514204570846722,1.420763686918741,1.0,-1.3015453700138195,1.3893816815594207,1.0,-1.2687497998799424,1.3656185712182694,1.0,-1.2408990041636148,1.4028673413866966,1.0,-1.2215105491929379,1.4509645633399266,1.0,-1.2019163160767519,1.5188852542301716,1.0,-0.9128342088371233,1.6282779178813949,1.0,-0.7655030157374217,1.6278985899799188,1.0,-0.6821067204357041,1.6246042172317998,1.0,-0.5979423307287306,1.6368618071948895,1.0,-0.5244328047924709,1.6358738310843073,1.0,-0.4846816414199468,1.665594975606531,1.0,-0.48794687704468814,1.8129972666452134,1.0,-0.5285632173774344,1.879643342330034,1.0,-0.6036679119200988,1.919218550688989,1.0,-0.6440425097126352,1.8955480872882156,1.0,-0.7006839173819943,1.8844937709037934,1.0,-0.7541052569586991,1.9227839611437771,1.0
3,0.0,0.0,0.0,0.0,0.0,0.0,0.0,0.0,0.0,0.0,0.0,0.0,0.0,0.0,0.0,0.0,0.0,0.0,0.0,0.0,0.0,0.0,0.0,0.0,0.0,0.0,0.0,0.0,0.0,0.0,0.0,0.0,0.0,0.0,0.0,0.0,0.0,0.0,0.0,0.0,0.0,0.0,0.0,0.0,0.0,0.0,0.0,0.0,0.0,0.0,0.0,0.0,0.0,0.0,0.0,0.0,0.0,0.0,0.0,0.0,0.0,0.0,0.0,0.0,0.0,0.0,0.0,0.0,0.0,0.0,0.0,0.0,0.0,0.0,0.0,0.0,0.0,0.0,0.0,0.0,0.0,0.0,0.0,0.0,0.0,0.0,0.0,0.0,0.0,0.0,0.0,0.0,0.0,0.0,0.0,0.0,0.0,0.0,0.0,0.0,0.0,0.0,0.0,0.0,0.0,0.0,0.0,0.0,0.0,0.0,0.0,0.0,0.0,0.0,0.0,0.0,0.0,0.0,0.0,0.0,0.0,0.0,0.0,0.0,0.0,0.0,0.0,0.0,0.0,0.0,0.0,0.0,0.0,0.0,0.0,-1.049393890282779,1.790928850928851,1.0,-1.0633160224664862,1.809183905744445,1.0,-1.0310101421346434,1.7751492387768455,1.0,-1.0560349526349821,1.6563712834159603,1.0,-1.054139240124427,1.5817925727054625,1.0,-1.0830900077340264,1.5716887839004152,1.0,-1.0678847816991741,1.4637496612423075,1.0,-1.0495507051627821,1.425456676098278,1.0,-1.0493751471246389,1.4625115160089965,1.0,-0.7972979399677517,1.5430448666200784,1.0,-0.6947236429570571,1.5985960989529344,1.0,-0.6024013148295642,1.58323584143113,1.0,-0.5273415984443091,1.5745538468963602,1.0,-0.4645388576096152,1.6143148704584278,1.0,-0.40225180912199215,1.6461062887619653,1.0,-0.34624848550734916,1.787890550038522,1.0,-0.3819615421198989,1.8996852351310516,1.0,-0.42782912742304785,1.910616230523772,1.0,-0.47338937667495934,1.885208713317443,1.0,-0.5593651091625607,1.8939671604006894,1.0,-0.6310469433983859,1.8732426747059645,1.0,-0.7208549419420692,1.8977954914489361,1.0,-0.9907199466595691,1.8683568857603172,1.0,-1.1089030708788956,1.8504683613152526,1.0,-1.1984834643806865,1.8337235084867944,1.0,-1.2460008596676713,1.7466632682505685,1.0,-1.274251107578702,1.6619001464010008,1.0,-1.329165800989607,1.4711407105741852,1.0,-1.3366171066767945,1.473874690910692,1.0,-1.3422449180072422,1.4654231528490385,1.0,-1.3125584266991708,1.4267649860418372,1.0,-1.2979089934860846,1.454248132658117,1.0,-1.2496404363168803,1.4503943196147482,1.0,-1.0390385222373508,1.521735435330476,1.0,-0.9101985473489516,1.5692029180214055,1.0,-0.8067162965875234,1.5955575039926322,1.0,-0.6992352129282994,1.595126934170995,1.0,-0.6251408841490006,1.672685767231147,1.0,-0.5482239985305224,1.670428864478957,1.0,-0.5076255790755337,1.6715412086592802,1.0,-0.5506840348369806,1.8349338977354572,1.0,-0.5848910079674783,1.8492226916539527,1.0,-0.6309055572679368,1.827799425881631,1.0,-0.7081854261586091,1.8726787102431468,1.0,-0.9301197648140485,1.8645688116786983,1.0
3,0.0,0.0,0.0,0.0,0.0,0.0,0.0,0.0,0.0,0.0,0.0,0.0,0.0,0.0,0.0,0.0,0.0,0.0,0.0,0.0,0.0,0.0,0.0,0.0,0.0,0.0,0.0,0.0,0.0,0.0,0.0,0.0,0.0,0.0,0.0,0.0,0.0,0.0,0.0,0.0,0.0,0.0,0.0,0.0,0.0,0.0,0.0,0.0,0.0,0.0,0.0,0.0,0.0,0.0,0.0,0.0,0.0,0.0,0.0,0.0,0.0,0.0,0.0,0.0,0.0,0.0,0.0,0.0,0.0,0.0,0.0,0.0,0.0,0.0,0.0,0.0,0.0,0.0,0.0,0.0,0.0,0.0,0.0,0.0,0.0,0.0,0.0,0.0,0.0,0.0,0.0,0.0,0.0,0.0,0.0,0.0,0.0,0.0,0.0,0.0,0.0,0.0,0.0,0.0,0.0,0.0,0.0,0.0,0.0,0.0,0.0,0.0,0.0,0.0,0.0,0.0,0.0,0.0,0.0,0.0,0.0,0.0,0.0,0.0,0.0,0.0,0.0,0.0,0.0,0.0,0.0,0.0,0.0,0.0,0.0,-1.1158671882778388,1.647642282955235,1.0,-1.1159390446454813,1.6733984174609697,1.0,-1.1252141301411958,1.6820614870193218,1.0,-1.1026824220938674,1.6417352278086346,1.0,-1.0134509658382258,1.60078558087184,1.0,-0.9397224395754564,1.6160771840279888,1.0,-0.857543570606762,1.5525578864199159,1.0,-0.7809230959232368,1.6053391585345467,1.0,-0.5002702297391994,1.6398148387757954,1.0,-0.3630482529394312,1.6274720471593378,1.0,-0.31355125851758725,1.6800057920648712,1.0,-0.25803640977907705,1.6688611117078405,1.0,-0.24412885413451316,1.7433638218434122,1.0,-0.22313611936414646,1.7552289404124624,1.0,-0.3373484676107156,1.956918111335569,1.0,-0.39723731139537893,1.96768897421744,1.0,-0.4946787488751739,1.9524753249766635,1.0,-0.589659328172764,1.9611395576263744,1.0,-0.6866345120882941,1.9470006154860648,1.0,-0.7544541822076424,1.866957237975404,1.0,-1.024125844507039,1.783235416330469,1.0,-1.1665718313260847,1.7772283131215079,1.0,-1.2082434607970263,1.720724511675791,1.0,-1.2569375105133875,1.6300639479758667,1.0,-1.2749519439840469,1.5537140786793666,1.0,-1.3017467511978738,1.5136232789227375,1.0,-1.2944368518841443,1.4061247384080444,1.0,-1.2956406436466028,1.3203590470542093,1.0,-1.2971628326880151,1.3396151663082123,1.0,-1.2176154234580883,1.2891032734581225,1.0,-1.1357409451459883,1.2698810884168048,1.0,-1.100461691824672,1.3222654287791362,1.0,-1.0266700908188655,1.3745210168963922,1.0,-0.9237407491837456,1.3965237827320252,1.0,-0.6804007559490662,1.5517221510260757,1.0,-0.5761865881671545,1.5543699855845912,1.0,-0.5297889915011571,1.557120482191432,1.0,-0.5021360089605941,1.5428802940373867,1.0,-0.4793034695952018,1.620104831311707,1.0,-0.4791049766169602,1.685499749175725,1.0,-0.47693224334855155,1.720644772676275,1.0,-0.6354200663978076,1.8952326116718532,1.0,-0.7107106612953097,1.918030751659563,1.0,-0.7821132733287222,1.9341291087255434,1.0,-0.846727114153404,1.9304848241466008,1.0
3,0.0,0.0,0.0,0.0,0.0,0.0,0.0,0.0,0.0,0.0,0.0,0.0,0.0,0.0,0.0,0.0,0.0,0.0,0.0,0.0,0.0,0.0,0.0,0.0,0.0,0.0,0.0,0.0,0.0,0.0,0.0,0.0,0.0,0.0,0.0,0.0,0.0,0.0,0.0,0.0,0.0,0.0,0.0,0.0,0.0,0.0,0.0,0.0,0.0,0.0,0.0,0.0,0.0,0.0,0.0,0.0,0.0,0.0,0.0,0.0,0.0,0.0,0.0,0.0,0.0,0.0,0.0,0.0,0.0,0.0,0.0,0.0,0.0,0.0,0.0,0.0,0.0,0.0,0.0,0.0,0.0,0.0,0.0,0.0,0.0,0.0,0.0,0.0,0.0,0.0,0.0,0.0,0.0,0.0,0.0,0.0,0.0,0.0,0.0,0.0,0.0,0.0,0.0,0.0,0.0,0.0,0.0,0.0,0.0,0.0,0.0,0.0,0.0,0.0,0.0,0.0,0.0,0.0,0.0,0.0,0.0,0.0,0.0,0.0,0.0,0.0,0.0,0.0,0.0,0.0,0.0,0.0,0.0,0.0,0.0,-1.2127382947309613,1.4119824778384806,1.0,-1.1847568795890373,1.4109332247753594,1.0,-1.0962961011601429,1.4031787367158624,1.0,-1.0651215235836822,1.4515518608815938,1.0,-1.0391828200476687,1.488656361556115,1.0,-0.9545956244864933,1.454320966321929,1.0,-0.9061574168397836,1.5309154953707267,1.0,-0.819394155311159,1.5704015838903447,1.0,-0.5272124577374389,1.629450375773195,1.0,-0.4081403456885173,1.660994584093258,1.0,-0.3732657877197487,1.6534989213724867,1.0,-0.3509576040041259,1.7271034122701985,1.0,-0.3870963814086516,1.7765583756374923,1.0,-0.42333982230002964,1.8172720242730915,1.0,-0.4658414753050427,1.90252914094637,1.0,-0.5030763603863819,1.8843163449570632,1.0,-0.6747347864359394,1.869218503570134,1.0,-0.7463583296264883,1.9320059614650213,1.0,-0.8318488236414052,1.9069051693424794,1.0,-0.9054376218685645,1.90069346350165,1.0,-0.9769739443483048,1.861439905694618,1.0,-1.0602237341764864,1.8947216036489554,1.0,-1.137757324917002,1.838254099973904,1.0,-1.2760966269783813,1.6485737343200595,1.0,-1.2966918573274162,1.5528038663275452,1.0,-1.3161550790591117,1.499971437123723,1.0,-1.304834625982858,1.4464091009758149,1.0,-1.3081646936546374,1.398223935426742,1.0,-1.3123574107429414,1.4211570874438082,1.0,-1.2196740840571445,1.374635131893271,1.0,-1.181144505871053,1.3793398721913082,1.0,-1.113315727258573,1.4100844492519873,1.0,-1.0022220145456282,1.4066988262945586,1.0,-0.934808143888408,1.4022547309899807,1.0,-0.8302137348583505,1.3986296846703352,1.0,-0.7716033779948888,1.4597182535839446,1.0,-0.6805767334958769,1.4869389571330216,1.0,-0.4539853512156433,1.5535175330118156,1.0,-0.41526139623103314,1.544922820796146,1.0,-0.3789463911303457,1.5393414231252125,1.0,-0.38397729991433444,1.5257435862549042,1.0,-0.3961630959335369,1.5450078359486736,1.0,-0.37960940395902837,1.5504031334847275,1.0,-0.3952981928627214,1.5550737656607825,1.0,-0.478308415359909,1.6691380724268228,1.0
3,0.0,0.0,0.0,0.0,0.0,0.0,0.0,0.0,0.0,0.0,0.0,0.0,0.0,0.0,0.0,0.0,0.0,0.0,0.0,0.0,0.0,0.0,0.0,0.0,0.0,0.0,0.0,0.0,0.0,0.0,0.0,0.0,0.0,0.0,0.0,0.0,0.0,0.0,0.0,0.0,0.0,0.0,0.0,0.0,0.0,0.0,0.0,0.0,0.0,0.0,0.0,0.0,0.0,0.0,0.0,0.0,0.0,0.0,0.0,0.0,0.0,0.0,0.0,0.0,0.0,0.0,0.0,0.0,0.0,0.0,0.0,0.0,0.0,0.0,0.0,0.0,0.0,0.0,0.0,0.0,0.0,0.0,0.0,0.0,0.0,0.0,0.0,0.0,0.0,0.0,0.0,0.0,0.0,0.0,0.0,0.0,0.0,0.0,0.0,0.0,0.0,0.0,0.0,0.0,0.0,0.0,0.0,0.0,0.0,0.0,0.0,0.0,0.0,0.0,0.0,0.0,0.0,0.0,0.0,0.0,0.0,0.0,0.0,0.0,0.0,0.0,0.0,0.0,0.0,0.0,0.0,0.0,0.0,0.0,0.0,-1.262726567205416,1.5551165083431553,1.0,-1.2521293010677506,1.6196176984577555,1.0,-1.249689927655148,1.6140220788238806,1.0,-1.2240549649273251,1.5853659934653535,1.0,-1.2336963419595914,1.5819425718080442,1.0,-1.2278574760744554,1.5461670231215903,1.0,-1.2507043457485847,1.5588077126614786,1.0,-1.2483632329915904,1.5279606343410217,1.0,-1.2273337585462967,1.4234192066146965,1.0,-1.1999472198661396,1.434247444875673,1.0,-1.1803517478241834,1.504740140449933,1.0,-1.113330037163661,1.5036428071529089,1.0,-0.9998127729119562,1.4841293447278305,1.0,-0.9370427663874994,1.4752630214921665,1.0,-0.8376713049080922,1.5159779468529742,1.0,-0.7453060113763746,1.5422204444259189,1.0,-0.5136696319818062,1.667681244200087,1.0,-0.37853854349359584,1.6607204846205375,1.0,-0.3199255410615288,1.6922012927362786,1.0,-0.29568658477233695,1.720039876283047,1.0,-0.26642334914262034,1.7292537602782947,1.0,-0.28519200823117424,1.715459289882844,1.0,-0.3192639496231218,1.8011005259218622,1.0,-0.5247292065442845,1.8388664524163043,1.0,-0.6249131682277445,1.8857323494112752,1.0,-0.7298491391489029,1.916564267205614,1.0,-0.8556433092119262,2.004273744664799,1.0,-0.9218608296493503,1.9899885307743128,1.0,-1.0455554026126026,2.050798245562872,1.0,-1.1481757068361216,2.0412690744432687,1.0,-1.3653153495570227,1.79972604618003,1.0,-1.3837667143166732,1.6683984196736679,1.0,-1.398975382626566,1.6577740093399942,1.0,-1.3991560205626377,1.5672953329300994,1.0,-1.373294286764418,1.4983747117498132,1.0,-1.3764792907679242,1.4620302474620632,1.0,-1.378840525270587,1.4490255574732271,1.0,-1.3441500328776974,1.41551992041481,1.0,-1.2085304910787928,1.3994278900822554,1.0,-1.1105024745166823,1.3853077532248887,1.0,-1.0279160069029076,1.4032184714192237,1.0,-0.9659480616077866,1.4933377584191974,1.0,-0.8880100337846394,1.5014992655752553,1.0,-0.8213186648091163,1.587232325459157,1.0,-0.7196184163034817,1.5671521277691294,1.0
3,0.0,0.0,0.0,0.0,0.0,0.0,0.0,0.0,0.0,0.0,0.0,0.0,0.0,0.0,0.0,0.0,0.0,0.0,0.0,0.0,0.0,0.0,0.0,0.0,0.0,0.0,0.0,0.0,0.0,0.0,0.0,0.0,0.0,0.0,0.0,0.0,0.0,0.0,0.0,0.0,0.0,0.0,0.0,0.0,0.0,0.0,0.0,0.0,0.0,0.0,0.0,0.0,0.0,0.0,0.0,0.0,0.0,0.0,0.0,0.0,0.0,0.0,0.0,0.0,0.0,0.0,0.0,0.0,0.0,0.0,0.0,0.0,0.0,0.0,0.0,0.0,0.0,0.0,0.0,0.0,0.0,0.0,0.0,0.0,0.0,0.0,0.0,0.0,0.0,0.0,0.0,0.0,0.0,0.0,0.0,0.0,0.0,0.0,0.0,0.0,0.0,0.0,0.0,0.0,0.0,0.0,0.0,0.0,0.0,0.0,0.0,0.0,0.0,0.0,0.0,0.0,0.0,0.0,0.0,0.0,0.0,0.0,0.0,0.0,0.0,0.0,0.0,0.0,0.0,0.0,0.0,0.0,0.0,0.0,0.0,-1.1056773708645897,1.6287096880940808,1.0,-1.1625828581428814,1.5436595119232233,1.0,-1.1822964108642213,1.5001936856076583,1.0,-1.1543716822969055,1.4326213658657807,1.0,-1.1425753671015373,1.4011568529219924,1.0,-1.1567337059970761,1.3961320841329472,1.0,-1.1578934748790315,1.3995071605212455,1.0,-1.1846828680440702,1.456997785654557,1.0,-1.0150514965292117,1.41516516886184,1.0,-0.9223792255527519,1.467054957526476,1.0,-0.8544538437022917,1.518602998664316,1.0,-0.7402800136952078,1.516705302812194,1.0,-0.6150461482375896,1.513132049158692,1.0,-0.5139658665763043,1.4868449315828645,1.0,-0.426248748118966,1.5321787738970234,1.0,-0.19942954046163733,1.6429716663103555,1.0,-0.18264262480975524,1.6875450599912667,1.0,-0.17985304918598277,1.686792225979754,1.0,-0.203128986671958,1.7516435238975456,1.0,-0.24999480288054968,1.7324380194949685,1.0,-0.3074883729051526,1.831203280234233,1.0,-0.3808807462135135,1.8232636184821003,1.0,-0.46905611838314915,1.9127984833196576,1.0,-0.7506055093828573,1.9799415619912242,1.0,-0.9353174957465533,1.9856252530669918,1.0,-1.0115651675964465,1.941771108897712,1.0,-1.0915505205289417,1.884006112488112,1.0,-1.122432539211002,1.767326465233403,1.0,-1.1912099903382833,1.744767140671866,1.0,-1.3659363713837789,1.5425026622822124,1.0,-1.364030519722315,1.4572015738955337,1.0,-1.3889706871953196,1.4308779979981128,1.0,-1.3946788154387526,1.4025634241055893,1.0,-1.364402862771335,1.3833422086290281,1.0,-1.3628689093678685,1.3817740989598621,1.0,-1.1974932775436113,1.5068584807556225,1.0,-1.0401641646951787,1.4954744334022105,1.0,-0.9022090695761688,1.5001196679771567,1.0,-0.8059994505551477,1.5189800922378784,1.0,-0.7331811507686037,1.5873810936829047,1.0,-0.6417430228143278,1.6028839234363912,1.0,-0.4584511139156524,1.6257762012787895,1.0,-0.4403274319972033,1.6749970848374331,1.0,-0.44032010272019967,1.6992682200793552,1.0,-0.45981115383093374,1.7266492509273048,1.0
3,0.0,0.0,0.0,0.0,0.0,0.0,0.0,0.0,0.0,0.0,0.0,0.0,0.0,0.0,0.0,0.0,0.0,0.0,0.0,0.0,0.0,0.0,0.0,0.0,0.0,0.0,0.0,0.0,0.0,0.0,0.0,0.0,0.0,0.0,0.0,0.0,0.0,0.0,0.0,0.0,0.0,0.0,0.0,0.0,0.0,0.0,0.0,0.0,0.0,0.0,0.0,0.0,0.0,0.0,0.0,0.0,0.0,0.0,0.0,0.0,0.0,0.0,0.0,0.0,0.0,0.0,0.0,0.0,0.0,0.0,0.0,0.0,0.0,0.0,0.0,0.0,0.0,0.0,0.0,0.0,0.0,0.0,0.0,0.0,0.0,0.0,0.0,0.0,0.0,0.0,0.0,0.0,0.0,0.0,0.0,0.0,0.0,0.0,0.0,0.0,0.0,0.0,0.0,0.0,0.0,0.0,0.0,0.0,0.0,0.0,0.0,0.0,0.0,0.0,0.0,0.0,0.0,0.0,0.0,0.0,0.0,0.0,0.0,0.0,0.0,0.0,0.0,0.0,0.0,0.0,0.0,0.0,0.0,0.0,0.0,-0.7856498502033462,1.849039597307167,1.0,-0.8159911721659145,1.8562996909819842,1.0,-0.9755644833398246,1.7343751239195055,1.0,-1.0330562243326897,1.7330503379691258,1.0,-1.0801491180113856,1.6582963464757843,1.0,-1.130055851503254,1.6268365559370987,1.0,-1.1671407438885746,1.5523611419982106,1.0,-1.2138877867040199,1.5063738938896984,1.0,-1.26136097363706,1.4960195685666549,1.0,-1.3746681036376323,1.3584062858541466,1.0,-1.3668860508496585,1.3667609515805794,1.0,-1.3830711782477811,1.3453340007890586,1.0,-1.3828016203880262,1.339823640495376,1.0,-1.3178154073451742,1.3081195889476593,1.0,-1.2762081457645875,1.302314759390737,1.0,-1.2302252072503577,1.3531291836537898,1.0,-1.1487659201489333,1.3479874591230343,1.0,-0.9511264412195266,1.5235548767935556,1.0,-0.7904397000418215,1.5222642569387375,1.0,-0.6749661969569848,1.5537831911729143,1.0,-0.603947596775308,1.561066795149509,1.0,-0.5294374357342091,1.5691826115237673,1.0,-0.45788667062425614,1.5722211142271443,1.0,-0.42201209619091185,1.6123003796186612,1.0,-0.4142980740158521,1.6458067216357464,1.0,-0.5091942119504776,1.8555106782909825,1.0,-0.5737641668493909,1.9059732372327938,1.0,-0.6358909099060055,1.88873339884087,1.0,-0.705828264130784,1.8941176354629305,1.0,-0.7837026481681331,1.9116875395662207,1.0,-0.8566554257721825,1.8912497137131474,1.0,-0.9218626689454538,1.8516720138205682,1.0,-1.2000359966983236,1.7589988107070835,1.0,-1.3157842143967673,1.7391936693096197,1.0,-1.3728159387137029,1.6754417057559716,1.0,-1.3823110680526525,1.5902999353163136,1.0,-1.410554828287678,1.5394691460650447,1.0,-1.3793678569742998,1.4666763105865335,1.0,-1.3764338054171226,1.4488110283874494,1.0,-1.3935559487903535,1.4370169348950148,1.0,-1.241460928843406,1.4575725439476819,1.0,-1.1648821287079048,1.4552233134595933,1.0,-1.0332175657786702,1.4707994993748237,1.0,-0.963340373972507,1.5153414399519791,1.0,-0.8672314607305088,1.5080386751392652,1.0
3,0.0,0.0,0.0,0.0,0.0,0.0,0.0,0.0,0.0,0.0,0.0,0.0,0.0,0.0,0.0,0.0,0.0,0.0,0.0,0.0,0.0,0.0,0.0,0.0,0.0,0.0,0.0,0.0,0.0,0.0,0.0,0.0,0.0,0.0,0.0,0.0,0.0,0.0,0.0,0.0,0.0,0.0,0.0,0.0,0.0,0.0,0.0,0.0,0.0,0.0,0.0,0.0,0.0,0.0,0.0,0.0,0.0,0.0,0.0,0.0,0.0,0.0,0.0,0.0,0.0,0.0,0.0,0.0,0.0,0.0,0.0,0.0,0.0,0.0,0.0,0.0,0.0,0.0,0.0,0.0,0.0,0.0,0.0,0.0,0.0,0.0,0.0,0.0,0.0,0.0,0.0,0.0,0.0,0.0,0.0,0.0,0.0,0.0,0.0,0.0,0.0,0.0,0.0,0.0,0.0,0.0,0.0,0.0,0.0,0.0,0.0,0.0,0.0,0.0,0.0,0.0,0.0,0.0,0.0,0.0,0.0,0.0,0.0,0.0,0.0,0.0,0.0,0.0,0.0,0.0,0.0,0.0,0.0,0.0,0.0,-0.5854441884810107,1.8369202470382755,1.0,-0.6403801357184838,1.866821476366872,1.0,-0.8157050246834565,1.8348992362765473,1.0,-0.8871021468751975,1.8233046006475038,1.0,-0.9642920843370958,1.8201429026854217,1.0,-1.0406586425599476,1.8354844964351318,1.0,-1.111653871168177,1.802104621769953,1.0,-1.1822303219941719,1.779699976086264,1.0,-1.3423881678934153,1.6094456927939096,1.0,-1.328508936381521,1.521180352565855,1.0,-1.3990186553153547,1.5286207150622186,1.0,-1.3825912414640997,1.4625906582063597,1.0,-1.4348670396304533,1.4732407065132453,1.0,-1.4209941286460794,1.4382628211573978,1.0,-1.4148078078808048,1.4226810909816017,1.0,-1.2845469547008395,1.3990869054224162,1.0,-1.2299103526306774,1.4038624643055022,1.0,-1.1979270636170252,1.4546274640676897,1.0,-1.1079006727650353,1.4507577891384937,1.0,-1.0275597387522435,1.4626336351591809,1.0,-0.9162249422508514,1.4464133384425364,1.0,-0.6205078049060975,1.594448487680603,1.0,-0.526573680571635,1.5861106218918626,1.0,-0.44023186591957975,1.5195091120569613,1.0,-0.3856930571177389,1.547787357860936,1.0,-0.33700476480010766,1.548660155268786,1.0,-0.30142436499623787,1.5974298841910357,1.0,-0.28171378859107216,1.5871569482642773,1.0,-0.3461234687743789,1.7644120268868164,1.0,-0.3996223167724698,1.7663052071064111,1.0,-0.46371074432605547,1.8280498348299166,1.0,-0.5262688318972671,1.8477809651025305,1.0,-0.5879646397056675,1.8774898930450392,1.0,-0.6467623460184697,1.89863710834601,1.0,-0.6979199311410654,1.8665660733457452,1.0,-0.7604998664363453,1.8915110276535088,1.0,-0.9794469421884408,1.8231474118484787,1.0,-1.0929395121920786,1.8191020059143357,1.0,-1.1424840040030977,1.7616711434082604,1.0,-1.1559176837037866,1.7076315116792222,1.0,-1.206043626441815,1.6548212254055377,1.0,-1.2343078562052459,1.60501956935751,1.0,-1.27690303756211,1.5963130326463153,1.0,-1.4034644585236058,1.4920763101579386,1.0,-1.4045640924414073,1.4834428366281667,1.0
3,0.0,0.0,0.0,0.0,0.0,0.0,0.0,0.0,0.0,0.0,0.0,0.0,0.0,0.0,0.0,0.0,0.0,0.0,0.0,0.0,0.0,0.0,0.0,0.0,0.0,0.0,0.0,0.0,0.0,0.0,0.0,0.0,0.0,0.0,0.0,0.0,0.0,0.0,0.0,0.0,0.0,0.0,0.0,0.0,0.0,0.0,0.0,0.0,0.0,0.0,0.0,0.0,0.0,0.0,0.0,0.0,0.0,0.0,0.0,0.0,0.0,0.0,0.0,0.0,0.0,0.0,0.0,0.0,0.0,0.0,0.0,0.0,0.0,0.0,0.0,0.0,0.0,0.0,0.0,0.0,0.0,0.0,0.0,0.0,0.0,0.0,0.0,0.0,0.0,0.0,0.0,0.0,0.0,0.0,0.0,0.0,0.0,0.0,0.0,0.0,0.0,0.0,0.0,0.0,0.0,0.0,0.0,0.0,0.0,0.0,0.0,0.0,0.0,0.0,0.0,0.0,0.0,0.0,0.0,0.0,0.0,0.0,0.0,0.0,0.0,0.0,0.0,0.0,0.0,0.0,0.0,0.0,0.0,0.0,0.0,-0.6257758302746258,1.5973327872785446,1.0,-0.6343818242996749,1.5729121076409969,1.0,-0.6149559467645782,1.5605513484194182,1.0,-0.628032992581733,1.5431136289332572,1.0,-0.60785737015182,1.539196519202028,1.0,-0.4239477162080503,1.4958864162633587,1.0,-0.3701616147966273,1.505374893496166,1.0,-0.31499722657460855,1.535279815799958,1.0,-0.25058390461515967,1.547740959411696,1.0,-0.21208992154892908,1.6014214507258604,1.0,-0.19925636874118693,1.6997394299286719,1.0,-0.20036066693382878,1.7535448985391089,1.0,-0.22928066262308547,1.7552262297400574,1.0,-0.4223253741656746,1.8064299445599215,1.0,-0.509769596534472,1.8731432670197625,1.0,-0.6203505191513442,1.9217486490701645,1.0,-0.6942226385863566,1.9254354309003807,1.0,-0.7976502215622265,1.9285468468401241,1.0,-0.8754715715810806,1.8824350753627908,1.0,-0.9449579922832892,1.8624119488783935,1.0,-1.1961604707904598,1.7202531442840239,1.0,-1.2577208534437794,1.6603068305216184,1.0,-1.2943593519108698,1.6152165579276807,1.0,-1.3226202298947125,1.5512552151410635,1.0,-1.3200437336891735,1.4582984890856112,1.0,-1.3494338984871137,1.4308222794378798,1.0,-1.3814511742833497,1.4069456383250214,1.0,-1.3675267815469037,1.3558486341876321,1.0,-1.3505088703966772,1.3499910963425334,1.0,-1.3166152512849862,1.3605326616814517,1.0,-1.2710897178767215,1.3687361250661643,1.0,-1.1904181613768887,1.3878361697179442,1.0,-1.1127951312438396,1.4067274115057682,1.0,-1.0432043793200414,1.4504140035749384,1.0,-0.934901310754993,1.4255666786499737,1.0,-0.6314398512267001,1.5599534352830164,1.0,-0.4904226221353539,1.5294328409940037,1.0,-0.3976720979677578,1.5537788213185657,1.0,-0.3673485764777435,1.5575877465774646,1.0,-0.3202433137811955,1.608329183751199,1.0,-0.2957892647365742,1.6241185664546507,1.0,-0.28369377079611974,1.596409854610914,1.0,-0.2888252753000678,1.6297150343359867,1.0,-0.49127378903043495,1.8074573031259475,1.0,-0.6239304601163309,1.8791866560283637,1.0
3,0.0,0.0,0.0,0.0,0.0,0.0,0.0,0.0,0.0,0.0,0.0,0.0,0.0,0.0,0.0,0.0,0.0,0.0,0.0,0.0,0.0,0.0,0.0,0.0,0.0,0.0,0.0,0.0,0.0,0.0,0.0,0.0,0.0,0.0,0.0,0.0,0.0,0.0,0.0,0.0,0.0,0.0,0.0,0.0,0.0,0.0,0.0,0.0,0.0,0.0,0.0,0.0,0.0,0.0,0.0,0.0,0.0,0.0,0.0,0.0,0.0,0.0,0.0,0.0,0.0,0.0,0.0,0.0,0.0,0.0,0.0,0.0,0.0,0.0,0.0,0.0,0.0,0.0,0.0,0.0,0.0,0.0,0.0,0.0,0.0,0.0,0.0,0.0,0.0,0.0,0.0,0.0,0.0,0.0,0.0,0.0,0.0,0.0,0.0,0.0,0.0,0.0,0.0,0.0,0.0,0.0,0.0,0.0,0.0,0.0,0.0,0.0,0.0,0.0,0.0,0.0,0.0,0.0,0.0,0.0,0.0,0.0,0.0,0.0,0.0,0.0,0.0,0.0,0.0,0.0,0.0,0.0,0.0,0.0,0.0,-1.3353730447797332,1.4477809908880825,1.0,-1.3652451564885428,1.4860377252255554,1.0,-1.3552268433099608,1.5005694211203553,1.0,-1.3264116256923824,1.4875044837046854,1.0,-1.2643303358600826,1.4498627087069027,1.0,-1.2003907568062935,1.3882818409090347,1.0,-1.185932702594017,1.4541566798297596,1.0,-0.9669251568311248,1.550429196093327,1.0,-0.8355024933591846,1.608151913864056,1.0,-0.7333984728426655,1.6368054205728124,1.0,-0.6454676987554646,1.6733010944719056,1.0,-0.5916386753419519,1.6910431487688273,1.0,-0.5351845060484143,1.7153113610356605,1.0,-0.4865790785616899,1.7895035290352976,1.0,-0.4850947113958945,1.9497516571334477,1.0,-0.5277241006607846,1.9788294759989777,1.0,-0.5801515464725884,1.9319459829571601,1.0,-0.6340620982508084,1.9130892617050321,1.0,-0.7007281704902318,1.8732997422225126,1.0,-0.7804732755472333,1.8928294929225928,1.0,-0.8558436776763477,1.92467654052649,1.0,-0.9800787996073811,1.95329665760435,1.0,-1.2551749894888442,1.8139142801798205,1.0,-1.3368372134052164,1.7643844783135079,1.0,-1.414444311067646,1.7271296606855018,1.0,-1.4513633670722639,1.6548452416339723,1.0,-1.4576103709422996,1.5825429257808545,1.0,-1.4668876852414223,1.508149714632778,1.0,-1.5322951492186236,1.5126949188360415,1.0,-1.4863611588891341,1.4515674089638664,1.0,-1.480494733822993,1.4556023701432006,1.0,-1.4262924954166423,1.4835379788351966,1.0,-1.3446636582960032,1.4836679101914643,1.0,-1.2267192183712705,1.4615034317764937,1.0,-1.1607148967880427,1.5128514089010436,1.0,-0.8266124736098349,1.6319619142784834,1.0,-0.6716890768025366,1.5990587763123016,1.0,-0.5657720007467053,1.5626345795154886,1.0,-0.4826483708826041,1.5364416926549962,1.0,-0.4543016324443693,1.5979695357907668,1.0,-0.41560399268649834,1.6519029268219527,1.0,-0.4077082443169484,1.6956063889453683,1.0,-0.5392890027193894,1.778379078681544,1.0,-0.6085651147973261,1.8009970402279822,1.0,-0.7024901905564331,1.892870893931299,1.0
3,0.0,0.0,0.0,0.0,0.0,0.0,0.0,0.0,0.0,0.0,0.0,0.0,0.0,0.0,0.0,0.0,0.0,0.0,0.0,0.0,0.0,0.0,0.0,0.0,0.0,0.0,0.0,0.0,0.0,0.0,0.0,0.0,0.0,0.0,0.0,0.0,0.0,0.0,0.0,0.0,0.0,0.0,0.0,0.0,0.0,0.0,0.0,0.0,0.0,0.0,0.0,0.0,0.0,0.0,0.0,0.0,0.0,0.0,0.0,0.0,0.0,0.0,0.0,0.0,0.0,0.0,0.0,0.0,0.0,0.0,0.0,0.0,0.0,0.0,0.0,0.0,0.0,0.0,0.0,0.0,0.0,0.0,0.0,0.0,0.0,0.0,0.0,0.0,0.0,0.0,0.0,0.0,0.0,0.0,0.0,0.0,0.0,0.0,0.0,0.0,0.0,0.0,0.0,0.0,0.0,0.0,0.0,0.0,0.0,0.0,0.0,0.0,0.0,0.0,0.0,0.0,0.0,0.0,0.0,0.0,0.0,0.0,0.0,0.0,0.0,0.0,0.0,0.0,0.0,0.0,0.0,0.0,0.0,0.0,0.0,-1.428941748243849,1.5273896956025,1.0,-1.4171473195275555,1.5112585165512449,1.0,-1.398347505398048,1.498850916230715,1.0,-1.440192129382466,1.5504715882686126,1.0,-1.4212124155606083,1.533344951678156,1.0,-1.4132701672370254,1.541591499515777,1.0,-1.3818717307953436,1.5014363757113407,1.0,-1.3234234661060307,1.5454071109312513,1.0,-1.2586647808232885,1.5652366076434756,1.0,-1.1209132338799965,1.5850401503459637,1.0,-0.9903872654001659,1.6225800571753344,1.0,-0.8600798244164585,1.6140086198299906,1.0,-0.730467801474919,1.645715986860115,1.0,-0.44785796199172834,1.7129514875528185,1.0,-0.3650277505984725,1.6915298531684209,1.0,-0.3517197528304539,1.790875325277487,1.0,-0.3665360930032123,1.8002569142855307,1.0,-0.4146946108893188,1.8215416820633208,1.0,-0.4378845730910037,1.8549688915235651,1.0,-0.5737655515221891,1.8656196006518215,1.0,-0.7310823420880181,1.9608892022987496,1.0,-0.8436729035867347,2.042580964451401,1.0,-0.8436729035867347,2.059137372602808,1.0,-1.0827010813000644,2.10924254952411,1.0,-1.2173659683295748,2.120351021591789,1.0,-1.39869248408184,1.8755174809711332,1.0,-1.6347549873162908,1.8305946539780549,1.0,-1.6258146743939135,1.8395349669004324,1.0,-1.6714967469868258,1.7628406329150772,1.0,-1.629560885940498,1.563668607923842,1.0,-1.620934736204765,1.5722947576595747,1.0,-1.5560617627521725,1.5089368955990694,1.0,-1.4118205340138048,1.527793099553317,1.0,-1.3055000107514314,1.5500836120721755,1.0,-1.3144296685003711,1.5411539543232358,1.0,-1.071553762828783,1.5477044842331074,1.0,-0.7656239177176944,1.7203498557802357,1.0,-0.6239876144089468,1.6545832283896014,1.0,-0.49796591236837173,1.6921200270016505,1.0,-0.4693613138813992,1.700305790506837,1.0,-0.4609646190245826,1.7087024853636537,1.0,-0.47497517196858186,1.7675395128677875,1.0,-0.48320013930837624,1.775764480207582,1.0,-0.6736115599429774,1.831958241627563,1.0,-0.7570801556568773,1.8348318843691769,1.0
3,0.0,0.0,0.0,0.0,0.0,0.0,0.0,0.0,0.0,0.0,0.0,0.0,0.0,0.0,0.0,0.0,0.0,0.0,0.0,0.0,0.0,0.0,0.0,0.0,0.0,0.0,0.0,0.0,0.0,0.0,0.0,0.0,0.0,0.0,0.0,0.0,0.0,0.0,0.0,0.0,0.0,0.0,0.0,0.0,0.0,0.0,0.0,0.0,0.0,0.0,0.0,0.0,0.0,0.0,0.0,0.0,0.0,0.0,0.0,0.0,0.0,0.0,0.0,0.0,0.0,0.0,0.0,0.0,0.0,0.0,0.0,0.0,0.0,0.0,0.0,0.0,0.0,0.0,0.0,0.0,0.0,0.0,0.0,0.0,0.0,0.0,0.0,0.0,0.0,0.0,0.0,0.0,0.0,0.0,0.0,0.0,0.0,0.0,0.0,0.0,0.0,0.0,0.0,0.0,0.0,0.0,0.0,0.0,0.0,0.0,0.0,0.0,0.0,0.0,0.0,0.0,0.0,0.0,0.0,0.0,0.0,0.0,0.0,0.0,0.0,0.0,0.0,0.0,0.0,0.0,0.0,0.0,0.0,0.0,0.0,-1.3971497591181112,1.4817548148839184,1.0,-1.4442746762080165,1.5161932542047156,1.0,-1.4036961157825387,1.4460410686102538,1.0,-1.3390549548017119,1.4352194812674566,1.0,-1.3484687041960122,1.4725770195037087,1.0,-1.2855562048805775,1.4627024454086988,1.0,-1.2180908981512752,1.458320225272127,1.0,-1.1561949294227403,1.4905870197380116,1.0,-1.0810574372057717,1.485575023790508,1.0,-0.9707739700506397,1.5449723136126186,1.0,-0.6266316337256798,1.592033141138452,1.0,-0.47899098624257724,1.5598645919225922,1.0,-0.40908166392642464,1.5985181207036112,1.0,-0.3315495305616148,1.6243475623244525,1.0,-0.3105604857715696,1.693885206533581,1.0,-0.2899814877120063,1.7175502631697401,1.0,-0.3046119758833308,1.8073472073892227,1.0,-0.5438432170543198,1.990854238477816,1.0,-0.6672668030568135,2.040965080726461,1.0,-0.7707094681454156,2.082364676902931,1.0,-0.8441943060216993,2.0247941516906685,1.0,-0.9220670200322877,1.9727591432949012,1.0,-0.9931752416113604,1.9212483415681425,1.0,-1.098720539799727,1.8969638879103203,1.0,-1.3076631393710774,1.7501355497105309,1.0,-1.3422336038041245,1.6481757040101574,1.0,-1.378888050563493,1.5995402827791694,1.0,-1.3615695996161863,1.5033408247540518,1.0,-1.3926314153603814,1.4680873469215194,1.0,-1.3962897774320517,1.4242024870956504,1.0,-1.3383295878118036,1.348934980392045,1.0,-1.296374204403939,1.471068282961565,1.0,-1.1805321630425358,1.4917846077204344,1.0,-1.0297100299046098,1.5055854518786456,1.0,-0.8998156565402881,1.4880615381992677,1.0,-0.7878846387737091,1.5424621844896058,1.0,-0.672853659859945,1.5998113086525454,1.0,-0.5912495477791524,1.671971789577129,1.0,-0.4712716309000458,1.6741258199319538,1.0,-0.42736769029482974,1.7972447678116379,1.0,-0.4915499027653684,1.802532509264622,1.0,-0.5484661853086531,1.8689723631854274,1.0,-0.6199770463868185,1.9268800649332258,1.0,-0.6594192745638064,1.8246830771141227,1.0,-0.6832648630783973,1.7633838493843463,1.0
3,0.0,0.0,0.0,0.0,0.0,0.0,0.0,0.0,0.0,0.0,0.0,0.0,0.0,0.0,0.0,0.0,0.0,0.0,0.0,0.0,0.0,0.0,0.0,0.0,0.0,0.0,0.0,0.0,0.0,0.0,0.0,0.0,0.0,0.0,0.0,0.0,0.0,0.0,0.0,0.0,0.0,0.0,0.0,0.0,0.0,0.0,0.0,0.0,0.0,0.0,0.0,0.0,0.0,0.0,0.0,0.0,0.0,0.0,0.0,0.0,0.0,0.0,0.0,0.0,0.0,0.0,0.0,0.0,0.0,0.0,0.0,0.0,0.0,0.0,0.0,0.0,0.0,0.0,0.0,0.0,0.0,0.0,0.0,0.0,0.0,0.0,0.0,0.0,0.0,0.0,0.0,0.0,0.0,0.0,0.0,0.0,0.0,0.0,0.0,0.0,0.0,0.0,0.0,0.0,0.0,0.0,0.0,0.0,0.0,0.0,0.0,0.0,0.0,0.0,0.0,0.0,0.0,0.0,0.0,0.0,0.0,0.0,0.0,0.0,0.0,0.0,0.0,0.0,0.0,0.0,0.0,0.0,0.0,0.0,0.0,-0.6535404950544694,1.8800461522373886,1.0,-0.8077785302855705,1.7432070174074872,1.0,-0.9025590292465885,1.7717385029534538,1.0,-0.9798036726900174,1.7487319606910423,1.0,-1.0531883860132454,1.6741855664707928,1.0,-1.1795487101572986,1.6516202126474036,1.0,-1.2582152308057348,1.5657633857210609,1.0,-1.3404103037646369,1.5450070431486695,1.0,-1.4928355532022148,1.4905063592318541,1.0,-1.4633832851416226,1.4377980617629467,1.0,-1.4256306130658913,1.4471778682794363,1.0,-1.3463047078566877,1.4414474474327368,1.0,-1.2785122123224655,1.466964789038708,1.0,-1.1777261040895517,1.504562190435503,1.0,-1.0619536934481635,1.505598330797497,1.0,-0.9351099386416365,1.4822197299193212,1.0,-0.6128048755032725,1.609285265749535,1.0,-0.5140096274526005,1.6147789580948109,1.0,-0.47447058058175273,1.6882531023777139,1.0,-0.45981903375813404,1.7070370057410238,1.0,-0.4559512184240939,1.8097744494167565,1.0,-0.5152965111813275,1.8514439952368715,1.0,-0.5470060019264106,1.8163737685191712,1.0,-0.8009445265629924,1.969988016871215,1.0,-0.9611243827591578,1.9717602780551087,1.0,-1.0879041304835213,2.0087833346336597,1.0,-1.1821968571820833,1.9454245269566244,1.0,-1.3293136180076728,1.9975605903160927,1.0,-1.3936897015010936,1.9506368951305357,1.0,-1.4737365443071753,1.9373486317755042,1.0,-1.5441268908598214,1.5854494618998503,1.0,-1.4644506537974658,1.4383582400378356,1.0,-1.5122686463532227,1.442686688637741,1.0,-1.5030244914914723,1.4110728979257554,1.0,-1.461769008755053,1.4012861121043485,1.0,-1.4753985107045333,1.4188638289509166,1.0,-1.2197402221772167,1.4723867853812092,1.0,-1.120566551835792,1.5603570230429513,1.0,-1.0087007526156537,1.6355001610903168,1.0,-0.8844724143650242,1.6285511905454644,1.0,-0.7997122327384569,1.7059283679214872,1.0,-0.7090850917269865,1.6749010599782306,1.0,-0.6485908313234938,1.698980592805661,1.0,-0.5759283358707146,1.7729941294582887,1.0,-0.5865818186053389,1.8076398787862278,1.0
3,0.0,0.0,0.0,0.0,0.0,0.0,0.0,0.0,0.0,0.0,0.0,0.0,0.0,0.0,0.0,0.0,0.0,0.0,0.0,0.0,0.0,0.0,0.0,0.0,0.0,0.0,0.0,0.0,0.0,0.0,0.0,0.0,0.0,0.0,0.0,0.0,0.0,0.0,0.0,0.0,0.0,0.0,0.0,0.0,0.0,0.0,0.0,0.0,0.0,0.0,0.0,0.0,0.0,0.0,0.0,0.0,0.0,0.0,0.0,0.0,0.0,0.0,0.0,0.0,0.0,0.0,0.0,0.0,0.0,0.0,0.0,0.0,0.0,0.0,0.0,0.0,0.0,0.0,0.0,0.0,0.0,0.0,0.0,0.0,0.0,0.0,0.0,0.0,0.0,0.0,0.0,0.0,0.0,0.0,0.0,0.0,0.0,0.0,0.0,0.0,0.0,0.0,0.0,0.0,0.0,0.0,0.0,0.0,0.0,0.0,0.0,0.0,0.0,0.0,0.0,0.0,0.0,0.0,0.0,0.0,0.0,0.0,0.0,0.0,0.0,0.0,0.0,0.0,0.0,0.0,0.0,0.0,0.0,0.0,0.0,-0.6837477967937016,1.8645769912764933,1.0,-0.6720410709673716,1.8215041868740494,1.0,-0.7290274586639979,1.8813806271701694,1.0,-0.7716107614237354,1.912184451266126,1.0,-0.8264469351711047,1.8989981052658647,1.0,-0.9245037757135686,1.954325501597857,1.0,-1.2487748722498078,1.8044070947110462,1.0,-1.3663834432107334,1.7610364072434683,1.0,-1.4088222574938203,1.6597535719224232,1.0,-1.4948464782997615,1.6197475589491572,1.0,-1.5617141435469626,1.6016338406968915,1.0,-1.569939727454695,1.5447404663302327,1.0,-1.5878963312345868,1.4332662607947482,1.0,-1.5159567843873747,1.415732738453312,1.0,-1.4695101206875334,1.3997775696315302,1.0,-1.4249399487221155,1.4135400327035552,1.0,-1.3323801482121156,1.3909373724590908,1.0,-1.2909153085955325,1.4203427699710054,1.0,-1.1844444995290269,1.4505186860674566,1.0,-0.8807454812916958,1.5739152962936376,1.0,-0.7205579886355113,1.5973947708868388,1.0,-0.6130848790866564,1.6222804697074609,1.0,-0.5288004663300255,1.6271759485677786,1.0,-0.4588657370820676,1.645661207854451,1.0,-0.4315730210951821,1.692049435053549,1.0,-0.43494160429189094,1.7467780865409333,1.0,-0.6455563679182101,1.9483263847731467,1.0,-0.7413372131862336,1.9304339702849533,1.0,-0.8756986063657956,1.9971900456804867,1.0,-0.9695773784941815,1.9688266745373935,1.0,-1.095201120477751,1.9589089418082462,1.0,-1.206668767299658,1.9366568376445312,1.0,-1.3002571114640222,1.9148707696440703,1.0,-1.4476678485562329,1.7229342391788296,1.0,-1.4130064386236856,1.576184450904273,1.0,-1.40237460749802,1.5595589786572859,1.0,-1.4007600667413345,1.520352846542428,1.0,-1.3581302213032895,1.4832296231237507,1.0,-1.3087543870156315,1.5067311724240828,1.0,-1.2595447818858165,1.5172693457321038,1.0,-0.9557488517853434,1.6325053275121222,1.0,-0.8392011974925208,1.6395767569065727,1.0,-0.8161702179678461,1.653234160540695,1.0,-0.7866687450311561,1.6731516550499488,1.0,-0.7969555424214544,1.7012621613991474,1.0
4,0.2013826361296132,1.7487333303473347,1.0,0.0,0.0,0.0,0.0,0.0,0.0,0.0,0.0,0.0,0.0,0.0,0.0,0.0,0.0,0.0,0.0,0.0,0.0,0.17114725258258967,1.7934759425378877,1.0,0.0,0.0,0.0,0.0,0.0,0.0,0.0,0.0,0.0,0.0,0.0,0.0,0.0,0.0,0.0,0.0,0.0,0.0,0.0,0.0,0.0,0.0,0.0,0.0,0.0,0.0,0.0,0.0,0.0,0.0,0.0,0.0,0.0,0.0,0.0,0.0,0.0,0.0,0.0,0.0,0.0,0.0,0.0,0.0,0.0,0.0,0.0,0.0,0.0,0.0,0.0,0.0,0.0,0.0,0.0,0.0,0.0,0.184108469161728,1.8618817619990558,1.0,0.0,0.0,0.0,0.0,0.0,0.0,0.0,0.0,0.0,0.0,0.0,0.0,0.0,0.0,0.0,0.0,0.0,0.0,0.0,0.0,0.0,0.0,0.0,0.0,0.0,0.0,0.0,0.0,0.0,0.0,0.0,0.0,0.0,0.0,0.0,0.0,0.0,0.0,0.0,0.0,0.0,0.0,0.0,0.0,0.0,0.0,0.0,0.0,0.0,0.0,0.0,-0.9604997158804226,1.7336439491523992,1.0,-0.8979440206372399,1.6891653977227679,1.0,-0.8650494279415972,1.6609131102360757,1.0,-0.8373265456547353,1.653580965334119,1.0,-0.8232371213875176,1.695576281210735,1.0,-0.8282824739529204,1.6928449664231089,1.0,-0.832127479336996,1.7110272196792218,1.0,-0.8293949401704327,1.704538858737619,1.0,-0.8268622854445715,1.7084958346400891,1.0,-0.8261790551904644,1.696255542153836,1.0,-0.8236754858778124,1.7025063439461596,1.0,-0.8488475400337938,1.7241800810258874,1.0,-0.8641870607792849,1.7509528246164783,1.0,-0.8588768221248998,1.72300526308891,1.0,-0.8445998681275761,1.7085703471360536,1.0,-0.8577867023650156,1.7079767270553947,1.0,-0.871995547617771,1.7127900004551144,1.0,-0.8474933084598034,1.6895529891749943,1.0,-0.8506388638377482,1.70983729527351,1.0,-0.8796632405304114,1.747158706771981,1.0,-0.8833446994101827,1.6805883644665003,1.0,-0.8572315611538252,1.6418319901121472,1.0,-0.8599465490565882,1.6183276749865787,1.0,-0.8974586570056003,1.7191752024318558,1.0,-0.8810321036220027,1.7011830679663218,1.0,-0.9481280134936392,1.8066480723365972,1.0,-0.8960279477642799,1.7614438019197902,1.0,-0.8878148684232161,1.735773134047886,1.0,-0.8391689323612014,1.6432886355566008,1.0,-0.8568741597613299,1.6700567627901586,1.0,-0.8586931494392012,1.6399275241216134,1.0,-0.8911332697371396,1.6729153194265098,1.0,-0.889940370907703,1.7420741444831696,1.0,-0.8333512502856586,1.7665087783659716,1.0,-0.8981633091499226,1.8242023212300154,1.0,-0.9606577308186827,1.884191795038058,1.0,-0.9361570512012557,1.8964937612380957,1.0,-0.9351564798557617,1.902140197637359,1.0,-0.9378211621791978,1.8364112346945574,1.0,-1.0292406933275429,1.857556755895603,1.0,-1.0954445386507745,1.9131273136356286,1.0,-1.0953672483026844,1.8832935455083906,1.0,-1.072981756973285,1.887183272170781,1.0,-1.0653709448553257,1.898619022371553,1.0,-1.0278365287568576,1.86914503734752,1.0
4,0.296029349640228,1.9170469954361933,1.0,0.31297709920702693,1.945247279740999,1.0,0.3049804210143053,1.9161252234901838,1.0,0.2894018176407559,1.8947644302212487,1.0,0.2995931214869632,1.898455965514528,1.0,0.2886747247376399,1.893426240966285,1.0,0.2952885946073807,1.865296122845285,1.0,0.2804616059871568,1.8412687799891343,1.0,0.2716699379503836,1.835370240864271,1.0,0.0,0.0,0.0,0.2122849079367327,1.7477853673681292,1.0,0.0,0.0,0.0,0.0,0.0,0.0,0.2419378850711509,1.637044749173662,1.0,0.23165301326594126,1.623155382214148,1.0,0.0,0.0,0.0,0.22211005921227758,1.6039240134892845,1.0,0.2459248615476725,1.6463592322945295,1.0,0.20747943949545972,1.6623370046356678,1.0,0.0,0.0,0.0,0.22082769241039632,1.7108933279550091,1.0,0.22849746332225077,1.7857247757206813,1.0,0.0,0.0,0.0,0.21123844774894593,1.6756715737476637,1.0,0.1896273550939175,1.6605511481489172,1.0,0.21157196085813892,1.6409219424836188,1.0,0.196267471917561,1.6545554417627493,1.0,0.0,0.0,0.0,0.18803366187744716,1.6953103554037585,1.0,0.0,0.0,0.0,0.23153964568365384,1.8037745904530182,1.0,0.23253292944310086,1.746374054947513,1.0,0.215210587211808,1.7441934555404517,1.0,0.2156170822023381,1.7088117117820496,1.0,0.2226855498055087,1.6547741951718384,1.0,0.15694593462453,1.8678558437397734,0.75,0.15109093212419675,1.8680934157994409,1.0,0.2403099474571898,1.8455904577724391,1.0,0.22202938636541594,1.7832178763019124,1.0,0.28085007028162834,1.833514940830194,1.0,0.26300577715626205,1.7760435484628154,1.0,0.23083364644867382,1.7869144792984468,1.0,0.2243207094972389,1.752043332514395,1.0,0.23097858502569757,1.7598268299691504,1.0,0.27187999904953825,1.8550466589885388,1.0,-0.9304008085732776,1.9009097565123314,1.0,-0.8911264705731168,1.9127039400172112,1.0,-0.8926228367204193,1.8839748004637482,1.0,-0.9069165043263805,1.862862608302125,1.0,-0.948970811161325,1.8825506924871613,1.0,-0.929830835194619,1.8774980637122685,1.0,-0.8968398678725061,1.8339243212010774,1.0,-0.8921175737142122,1.802182807332422,1.0,-0.8611471239478923,1.765057457711964,1.0,-0.8903911670150736,1.7594687683895633,1.0,-0.8934946947841631,1.7400526428735774,1.0,-0.8662516475668466,1.6680336017447017,1.0,-0.8233837487408072,1.6388749260903632,1.0,-0.8391403804564139,1.6448786496484993,1.0,-0.8218857241991496,1.631017611598216,1.0,-0.7988740658678453,1.6099175879479795,1.0,-0.7727527719012092,1.55728981828084,1.0,-0.7803172528908049,1.5763881790373606,1.0,-0.7699851396364616,1.6002757615161807,1.0,-0.7786842920983468,1.670327788960016,1.0,-0.7757884214033919,1.7029836762580743,1.0,-0.7977013888172098,1.7536560615913233,1.0,-0.8274453384448632,1.6817758516172538,1.0,-0.826451881364901,1.6437426405441609,1.0,-0.8304704565936082,1.613469710686416,1.0,-0.8680149769247592,1.601520959352856,1.0,-0.8363319100305775,1.6072608135819184,1.0,-0.8383630809733438,1.6511246326653368,1.0,-0.7997049489606465,1.6874084465170538,1.0,-0.7821034285951536,1.842056816522891,1.0,-0.6160564799875132,1.9329320953171962,1.0,-0.6030271694348743,1.7861626310845595,0.75,0.0,0.0,0.0,0.0,0.0,0.0,-0.8248716417529267,1.5445050171130559,1.0,0.0,0.0,0.0,-0.9132042272465547,1.7400579079052152,1.0,-0.9558395978174408,1.8134790605838584,1.0,-0.9042160002448583,1.7674661925730974,1.0,-0.9126340546837404,1.8173867769793108,1.0,-0.8348842818956356,1.7362649231348481,1.0,-0.8763616747582887,1.7152255736087876,1.0,0.0,0.0,0.0,-0.8621554950034009,1.688015102084027,1.0,0.0,0.0,0.0
4,0.19766389026854914,1.8036058449893155,1.0,0.20650141864337213,1.753882681518929,1.0,0.20106016092598802,1.7559823227808127,1.0,0.2135462582850903,1.778972432173162,1.0,0.22469726927702083,1.7760201472057675,1.0,0.2259303229962606,1.7995907098360726,1.0,0.2222133089905164,1.7808703110474233,1.0,0.23478834109304506,1.7660007210580577,1.0,0.2283200759046017,1.765159373787036,1.0,0.22233817940043,1.762888888567457,1.0,0.21097269638389946,1.731790487517423,1.0,0.1881545272237058,1.7462000987926993,1.0,0.22074152927040533,1.7119701411528063,1.0,0.22524353789072646,1.7199585358200262,1.0,0.21873839733027056,1.6893168052344845,1.0,0.20594530495805685,1.7000369498252261,1.0,0.21355233357565023,1.7044503351108886,1.0,0.2263996682056945,1.6989201204834632,1.0,0.2324753737683336,1.7169863031325927,1.0,0.26696631070136073,1.7350873783381489,1.0,0.24047488415112453,1.7176540358025125,1.0,0.21983084874936562,1.709187412242901,1.0,0.18417832855010885,1.676150595097781,1.0,0.22849159181264894,1.6239780149723089,1.0,0.11284846093074394,1.735791912664369,1.0,0.18463042965929294,1.8023706996834448,1.0,0.2618094563200992,1.753233721449293,1.0,0.2703296713715712,1.7549268551036736,1.0,0.2727076996982255,1.7721465767718438,1.0,0.27262122831310676,1.781647605058002,1.0,0.27545828329313604,1.7317017063624713,1.0,0.27886251769171366,1.7311772785281492,1.0,0.25987449007227165,1.7204168925544978,1.0,0.2784691734357888,1.7171968106097106,1.0,0.26238478951745714,1.772487166947712,1.0,0.2760639309685807,1.7867314857869936,1.0,0.2774048495670335,1.7922952204630638,1.0,0.28666001979077227,1.7935097801847975,1.0,0.28580641398236967,1.8151834523389356,1.0,0.29846452577211113,1.7724638501541319,1.0,0.30568622892239744,1.7366483125449117,1.0,0.3145512904201014,1.747684249037697,1.0,0.3128394839051371,1.7574193719736124,1.0,0.31734367429112775,1.7731823346926576,1.0,0.3192307519216444,1.7799136551917885,1.0,0.0,0.0,0.0,0.0,0.0,0.0,0.0,0.0,0.0,0.0,0.0,0.0,0.0,0.0,0.0,0.0,0.0,0.0,0.0,0.0,0.0,0.0,0.0,0.0,0.0,0.0,0.0,0.0,0.0,0.0,-0.8357702050978854,1.6758576607206863,1.0,-0.8585975277648528,1.7053113466447087,1.0,-0.8382877363163654,1.679633369684508,1.0,-0.8351051657119831,1.6713929463420396,1.0,-0.824232536471545,1.6492025385497993,1.0,0.0,0.0,0.0,0.0,0.0,0.0,0.0,0.0,0.0,0.0,0.0,0.0,-0.8986609117346122,1.6799563610607717,1.0,-0.8752169529228572,1.6547981576574995,1.0,0.0,0.0,0.0,0.0,0.0,0.0,-0.8212003965117802,1.5924083311129276,1.0,0.0,0.0,0.0,-0.9224696482069091,1.6758449764987358,1.0,0.0,0.0,0.0,-0.9783681491339925,1.7310663871959242,1.0,-0.9620372744469292,1.804217874801588,1.0,-0.9932936010628594,1.7977739086169313,1.0,-0.9829541279400591,1.7317017063624713,1.0,-1.0171616200960403,1.7150775997978667,1.0,-1.0241128680536682,1.6883172086013494,1.0,-0.9959638688257652,1.6617866783374693,1.0,-1.0183356761027758,1.7238522125570703,1.0,-1.0380327516659413,1.688786391429141,1.0,-1.075152017811614,1.7180695387166747,1.0,-1.0696612429855101,1.7190775157641478,1.0,-1.078866263573255,1.731971703707495,1.0,-1.0097915163060467,1.6997829589275677,1.0,-1.0138344307824403,1.6561897357336413,1.0,-1.0180583370400538,1.6669200291916269,1.0,-1.0010731043588736,1.683970842194879,1.0,-1.0036067689612427,1.7075450455869496,1.0,-1.012707177616745,1.714542468465978,1.0
4,0.39667676295787596,1.7669931216752714,1.0,0.37214075283509424,1.7393823970735778,1.0,0.38389448659039715,1.7340112256762037,1.0,0.40864971712825415,1.7415467335996995,1.0,0.39984432214751,1.7750095247374285,1.0,0.38352630383519853,1.7412433969537862,1.0,0.39416280189738623,1.7560613834552243,1.0,0.3901037285177922,1.7379828646955335,1.0,0.3994203851209532,1.7456967088036452,1.0,0.4091604093995677,1.798128895505159,1.0,0.3863151121263795,1.78820429409191,1.0,0.37134480736348646,1.7632860319962833,1.0,0.3833178969524254,1.798364663452826,1.0,0.39421882639319095,1.8202112825625827,1.0,0.404094442053816,1.8922023849118448,1.0,0.39015898134480625,1.86125330807818,1.0,0.40274663245023057,1.8363035187507384,1.0,0.37510367666347094,1.7082200263634448,1.0,0.3663416699043076,1.7177740759961773,1.0,0.34724350141321275,1.7362434690131907,1.0,0.3562024898432955,1.7450889142134232,1.0,0.35528980520123177,1.7992117864392403,1.0,0.3607316745861855,1.8412788671349747,1.0,0.39441790538692284,1.8994639928751476,1.0,0.3919622517034151,1.875686479998259,1.0,0.3724541155715071,1.8543521721743432,1.0,0.34395938750062577,1.8353338948220423,1.0,0.3468208176425149,1.8093983664952746,1.0,0.325763728344885,1.8093847627983488,1.0,0.31318873288172483,1.9022029411321726,1.0,0.34820653236172655,1.8929043270841142,1.0,0.3795216771761143,1.923156745491622,1.0,0.4251200310639683,1.919074069516567,1.0,0.3918628203263095,1.8262793702772937,1.0,0.36218284539737317,1.7912233115530036,1.0,0.33908055573750046,1.7795613831648087,1.0,0.33153454157346113,1.7982253970775484,1.0,0.34169303950279406,1.816685198227151,1.0,0.3534605029347333,1.8342098900371886,1.0,0.37139733851287754,1.876326546925697,1.0,0.3625664176613689,1.8720145839952256,1.0,0.36033575268630674,1.8678485838150065,1.0,0.3398275073184487,1.794341726321209,1.0,0.3369603413437937,1.8423600864716125,1.0,0.34029008540070965,1.8124560276359931,1.0,-0.8104941083366165,1.6230919582097028,1.0,-0.8163698967972989,1.5967611191176907,1.0,-0.8064956685691472,1.583228472689328,1.0,-0.808834283827932,1.58239849818059,1.0,-0.8100832290975643,1.606741454696723,1.0,-0.8018261426621203,1.5821356860145488,1.0,-0.8030082367955153,1.5873325793441444,1.0,-0.8079272329394838,1.5702585300915148,1.0,-0.8174009822991097,1.5695778266770573,1.0,-0.8453653114151212,1.6362546089484251,1.0,-0.8661918491128164,1.666993943004246,1.0,-0.850562311257345,1.6674501795554337,1.0,-0.8875036842701751,1.7018465686764261,1.0,-0.9106027959259781,1.7155033745986987,1.0,-0.9127238153095321,1.7852109015010726,1.0,-0.9122318973585786,1.7406615600500885,1.0,-0.922834625731076,1.724507509024604,1.0,-0.8767035163617132,1.5979980093675166,1.0,-0.8944842660102527,1.6067579558527567,1.0,-0.9077918012696997,1.632323348408873,1.0,-0.9181064570202836,1.6421944029759914,1.0,-0.9207390330443063,1.6795840828537212,1.0,-0.9418906581118226,1.744788323972159,1.0,0.0,0.0,0.0,-0.9211111721962038,1.8196406631244948,1.0,-0.9076273105064495,1.7983486097834325,1.0,-0.9006141629735814,1.7550388270495128,1.0,-0.8792452527730504,1.7302973296942705,1.0,-0.8961571159743571,1.7226677996531121,1.0,-0.942149102633765,1.8131144495794604,1.0,-0.9377556810560437,1.8044944249116426,1.0,-0.9309211429334053,1.8503543665966486,1.0,-0.9266238599558807,1.8125730356786396,1.0,-0.9082625042668971,1.7305646224544808,1.0,-0.903317753325979,1.6804920091647102,1.0,-0.8871713927518212,1.6695131313773055,1.0,-0.9128330513931114,1.6643377446697525,1.0,-0.8968911180745304,1.6764681237844352,1.0,-0.9362756366353858,1.7325943154043912,1.0,-0.9633488374912321,1.796877369782595,1.0,-0.9283059190467069,1.7918361779885128,1.0,-0.9250791570968073,1.77892050829542,1.0,-0.8993305010774559,1.7075217384718144,1.0,-0.9182389648268333,1.737760144290727,1.0,-0.8844086230987764,1.7329301374736887,1.0
4,0.36601148538084505,1.832134441645647,1.0,0.345085842835575,1.7931678426284716,1.0,0.34941469295111216,1.8184854232709478,1.0,0.35222919072120756,1.7896211157227844,1.0,0.35248030677715864,1.8210013606435107,1.0,0.35974112744402803,1.812343824453559,1.0,0.3434425017414801,1.827199774462328,1.0,0.343987713512228,1.7900942910756246,1.0,0.3390171717741726,1.7987650285433656,1.0,0.33462766042638425,1.753499295766023,1.0,0.32679842128649467,1.7567526271893243,1.0,0.32932591531138766,1.746476847915933,1.0,0.32035634645952815,1.7229393901921906,1.0,0.3106855500565699,1.7043587813926084,1.0,0.3213134689713147,1.6775522589780383,1.0,0.31196662469478303,1.655502136225118,1.0,0.33233733939784066,1.6535494769008765,1.0,0.3181694715653991,1.6686622531466049,1.0,0.3279136472669505,1.6939712440346597,1.0,0.32119003794882706,1.68905732397208,1.0,0.35008907218251123,1.7292738061267707,1.0,0.35780304634492627,1.7225387700970092,1.0,0.365766262070482,1.7224490768111094,1.0,0.3471643891349653,1.7315258570013503,1.0,0.3339047259623919,1.6844489713193864,1.0,0.3474690093996042,1.6978565707926925,1.0,0.3294896196162019,1.6668658992203296,1.0,0.3544809225872308,1.6840272130863598,1.0,0.32664838707583826,1.6752042928162074,1.0,0.3306202484292369,1.6707370625862121,1.0,0.32693798931035933,1.6765196229346355,1.0,0.3434466171531506,1.7340834502917604,1.0,0.3565016693699995,1.701638789277238,1.0,0.3916438440352355,1.7544185653912396,1.0,0.36076790576394285,1.723928793818584,1.0,0.35646928582375564,1.7146215942452872,1.0,0.32204644591868686,1.6441741015203195,1.0,0.31266276978501545,1.6641758151539774,1.0,0.3141223701935784,1.6996481322109718,1.0,0.3209793211051356,1.7395368918720298,1.0,0.32856928140753966,1.7540423730508712,1.0,0.3770954963388039,1.7729159030931463,1.0,0.3863924263944497,1.826548817767261,1.0,0.39266728542043555,1.8122416781670017,1.0,0.3639234282170656,1.7592012076577865,1.0,-0.9355131284408097,1.7443014922466398,1.0,-0.9217018042002959,1.7066171338247786,1.0,-0.9243939645009275,1.73091107807112,1.0,-0.9230305681045192,1.7183333031176196,1.0,-0.9296207927420119,1.7328569100515676,1.0,-0.9178281943819123,1.7324957418394378,1.0,-0.9383644889713263,1.7390755438508227,1.0,-0.9237726999762186,1.7023875958028392,1.0,-0.9483758268272559,1.7108065006886097,1.0,-0.906153898912512,1.6823716904536021,1.0,-0.9329408809335414,1.6849953251641325,1.0,-0.912680172068686,1.667368179929941,1.0,-0.8958073024378572,1.6514003520217562,1.0,-0.882983041098023,1.6332129713237917,1.0,-0.8629819965480308,1.590121050114194,1.0,-0.8466766433279692,1.5688009392982456,1.0,-0.8544303395133775,1.5744316316401286,1.0,-0.8503554101574964,1.5818124308563897,1.0,-0.8634891045962922,1.6224870789228651,1.0,-0.8715273268690585,1.610589076286693,1.0,-0.864624286089481,1.649880776174353,1.0,-0.8974582371268747,1.659380969670755,1.0,-0.8854799495894906,1.6516238195473374,1.0,-0.8943308822891729,1.652449725063507,1.0,-0.9011550389438907,1.614097465723459,1.0,-0.9037096359442254,1.618668048935488,1.0,-0.896310223297565,1.596146677513766,1.0,-0.9079184345660714,1.612570645700324,1.0,-0.9042402724951416,1.5963011736129393,1.0,-0.8850883272890777,1.5923042512495467,1.0,-0.8983983365343454,1.606277413172837,1.0,-0.9395852052895225,1.6538939613890933,1.0,-0.9458388042973126,1.6074936947952636,1.0,-0.9528985576521825,1.6589480989992338,1.0,-0.9184293005042907,1.629754766363254,1.0,-0.8836286570209619,1.6361343826728367,1.0,-0.8762099919727668,1.5893519115514294,1.0,-0.866608968825884,1.6012813224280629,1.0,-0.8685937432441934,1.6365699394942905,1.0,-0.8566498155217963,1.7237297893669703,1.0,-0.8867735078325948,1.6677922396209262,1.0,-0.9505955364723412,1.7334012890213861,1.0,-0.9880673988402964,1.7546294083073033,1.0,-0.9589376388680334,1.7482603799758314,1.0,-0.9114848266894956,1.6874594933192923,1.0
4,0.3828474046116982,1.7539357284944805,1.0,0.39959649255794116,1.7079201629680334,1.0,0.37811160948338735,1.6677017047627902,1.0,0.3867191024221212,1.701654555344316,1.0,0.37368678515408427,1.7263218853195956,1.0,0.38265260291453507,1.6876597620214127,1.0,0.3796289759372588,1.7095192480324062,1.0,0.4012789013856603,1.7140133618684712,1.0,0.37552636538812373,1.6667267426776287,1.0,0.3706548496976132,1.6959706348242456,1.0,0.3794750605631189,1.6879089374390095,1.0,0.3784574044696231,1.6400336356221046,1.0,0.38152366212699856,1.6938435869601125,1.0,0.3744236086903327,1.6968196790857526,1.0,0.38373559235118765,1.7278421577544638,1.0,0.39575006306806304,1.7263312839216083,1.0,0.40397012879856314,1.7173596270675784,1.0,0.41634036546512787,1.7589625599876102,1.0,0.40604063088340125,1.744379782881549,1.0,0.35675928428041076,1.7588988023701608,1.0,0.3437805166691816,1.7287211920536085,1.0,0.33795325800217807,1.6918160510666096,1.0,0.3341689261616214,1.695449028962712,1.0,0.35771026753229573,1.713250765930504,1.0,0.4061917266317715,1.8232109150747255,1.0,0.4114713005291054,1.788679173912843,1.0,0.4054382233941204,1.8031100075391768,1.0,0.4029555272834573,1.7718413694606463,1.0,0.3744599584936485,1.7529149562374502,1.0,0.3678360988180173,1.7541903003944475,1.0,0.3612628841110372,1.7859724419543008,1.0,0.4036657777670883,1.8205899206604514,1.0,0.4260649955204593,1.8416732782723542,1.0,0.4185945381343734,1.8361477638740378,1.0,0.4328364276428833,1.8840334821796905,1.0,0.4358203449975476,1.8632553741595916,1.0,0.45088917217649194,1.8256953934727413,1.0,0.4708037475777958,1.769410867273449,1.0,0.45532648690880073,1.795463612742563,1.0,0.4751947042738813,1.8411346529099566,1.0,0.46321167052017354,1.8143773470537352,1.0,0.46894189019951876,1.8484804732571112,1.0,0.44435831311970725,1.865817142144594,1.0,0.4408664958479908,1.844889162753831,1.0,0.44095504323967305,1.8122697388014484,1.0,-0.9839267332807101,1.7132579267714922,1.0,-0.9652946311052715,1.6758050777053697,1.0,-0.9336598450498261,1.6362820292051086,1.0,-0.9593097429740625,1.6535820965801669,1.0,-0.9774448183925819,1.6937644972823265,1.0,-0.955441578269737,1.6398706841219746,1.0,-0.9435917003035686,1.6533826132827953,1.0,-0.9606098895810049,1.6576037669763608,1.0,-0.9545438554219369,1.635058404086913,1.0,-0.9379698705188577,1.647800399724253,1.0,0.0,0.0,0.0,-0.8972690784994213,1.584909651790109,1.0,0.0,0.0,0.0,-0.9074848191362547,1.6242588246804741,1.0,-0.9190658178275696,1.646922815507336,1.0,0.0,0.0,0.0,0.0,0.0,0.0,0.0,0.0,0.0,-0.9276231782400215,1.6964637178831028,1.0,-0.8878750252352007,1.6705699158884078,1.0,0.0,0.0,0.0,-0.8571028912857064,1.6205875388573978,1.0,0.0,0.0,0.0,-0.8789512469405305,1.6260502745253689,1.0,0.0,0.0,0.0,-0.9348351254645626,1.7322471680328688,1.0,-0.9297683663589658,1.7461194823667892,1.0,0.0,0.0,0.0,-0.8846072627455961,1.656063631526739,1.0,0.0,0.0,0.0,-0.8941819251641443,1.6620798620916184,1.0,-0.9750121690051641,1.7701504835834179,1.0,-1.0111271229726597,1.8080547491847958,1.0,-1.0024082072813647,1.811217891147446,1.0,-1.0448129722186874,1.8755412442494517,1.0,-1.0402361720350448,1.8463861568220763,1.0,-1.0250256228991275,1.8008204250164106,1.0,-1.0099108238761314,1.7530493802960574,1.0,-1.0262869390534417,1.7375234229004641,1.0,-1.049748378296744,1.774104187742017,1.0,-1.0385850321927774,1.7651381108992124,1.0,-1.08088961386746,1.8318156183746706,1.0,-1.0748703764732195,1.8326099576726174,1.0,-1.049882411204087,1.8201806173330783,1.0,-1.035870528332967,1.7958605657839746,1.0
4,0.3897554420135574,1.83115259798329,1.0,0.40560631359951865,1.8209798650494864,1.0,0.403667823474126,1.82693875273996,1.0,0.40267860580442205,1.802068135159093,1.0,0.3932052320985949,1.8146656997490618,1.0,0.4072271979479017,1.825023833478232,1.0,0.40249385478204586,1.8147038701898195,1.0,0.40593276921895877,1.8378243329273087,1.0,0.3723668633885757,1.7786587180535731,1.0,0.37899618510187966,1.7931759493162163,1.0,0.3695418123943284,1.7662374681840656,1.0,0.37647968421261935,1.777665921364954,1.0,0.36979189460823964,1.7864564613321536,1.0,0.37854489821543574,1.7645196655419957,1.0,0.3601504549596721,1.759690824659413,1.0,0.35323371250734886,1.7273970447388354,1.0,0.36626425889172615,1.7296716718029925,1.0,0.3587948068105891,1.7107937239361335,1.0,0.3665572789449716,1.7201402307612876,1.0,0.37963464822925586,1.7195047275436683,1.0,0.4200221128342655,1.725903071949995,1.0,0.4104025582948015,1.7824812252386997,1.0,0.4164221024679429,1.7502222059013663,1.0,0.4034157139169356,1.746663062736496,1.0,0.3664482611714214,1.72628990169029,1.0,0.3829882903727978,1.7679638771698627,1.0,0.387424709591495,1.7293438664839271,1.0,0.40874380690022427,1.8143947383949022,1.0,0.412297906448574,1.8362474352916747,1.0,0.4010040383986501,1.793606466081902,1.0,0.39266605911604313,1.810073400320185,1.0,0.3825556561213789,1.810598396727073,1.0,0.3851366498580179,1.8344907783232098,1.0,0.4048036399241003,1.7833327218593118,1.0,0.43027330127580304,1.812204005489388,1.0,0.415901328090085,1.7916262390214663,1.0,0.41136710154608574,1.790425988516178,1.0,0.4035631111579805,1.7602996937920048,1.0,0.3926106015597651,1.814688087790174,1.0,0.3958715931278495,1.7870199439762524,1.0,0.40861518963719856,1.7484836820438376,1.0,0.40888413663096185,1.7893141263446126,1.0,0.3933473983685523,1.7712276404259768,1.0,0.37758960960764754,1.7759396913330938,1.0,0.39237675763137125,1.8126264177671758,1.0,-1.0089269137286003,1.725438233886499,1.0,-0.9802560718891034,1.7237263643134428,1.0,-1.0018853792089235,1.7213191479140661,1.0,-0.9833178215223399,1.7053707099967608,1.0,-0.9747369984114925,1.7100583527100552,1.0,-1.0018120046437102,1.711652863154769,1.0,-0.9816640990241807,1.7020398506939638,1.0,-0.9979223295321922,1.7317190056961171,1.0,-0.9733563734519208,1.6751415459889196,1.0,-0.9759821559914322,1.6883264348268527,1.0,-0.9745156119341036,1.6862340500692778,1.0,-0.9691722463435886,1.6970879614514085,1.0,-0.9621388744713474,1.6889981123751108,1.0,-0.9724660192526868,1.675530922475233,1.0,-0.966068592970613,1.6707371080299425,1.0,-0.9556471886338717,1.6385224156489993,1.0,-0.9484905470898248,1.640398197322764,1.0,-0.9377418074019461,1.6141574545538326,1.0,-0.9507248066718725,1.6243378972618807,1.0,-0.9683649691476881,1.6158124492839034,1.0,-0.9804273604966812,1.6224607813062317,1.0,-1.0064459609340526,1.6929103418391742,1.0,-0.9713885745849083,1.661979908516503,1.0,-0.9475099367749437,1.6427457049909668,1.0,-0.9335409190500235,1.6396239563421935,1.0,-0.9697952010237486,1.678858377736557,1.0,-0.9818322701676448,1.6576966989383908,1.0,-1.0311997499303873,1.7407612610569732,1.0,-1.012031553450639,1.762575221848612,1.0,-1.003078850362527,1.7286777775842752,1.0,-0.9756879143334085,1.7363297730085379,1.0,-0.9832324471117273,1.7283220049660424,1.0,-1.0085183398912532,1.7426931442678688,1.0,-1.0227224746315196,1.7430071254029382,1.0,-1.0298271415265696,1.7473106524759492,1.0,-1.00109463426123,1.726849280742549,1.0,-1.0330084123124919,1.7329792351240754,1.0,-0.961756415608855,1.679511556113494,1.0,-1.0018070763162443,1.7239271738455817,1.0,-0.9973424918494975,1.6729556329254756,1.0,-0.9830518956144093,1.6599961795133886,1.0,-1.0191097331497556,1.7162917125490076,1.0,-0.9814045812682844,1.7065334296195374,1.0,-0.9805206317120173,1.7193517646114411,1.0,-0.9808005846771802,1.7304002296049872,1.0
4,0.40978092912419645,1.7756764501169708,1.0,0.3955555542707269,1.7570560959705301,1.0,0.4004039477336565,1.782036011140803,1.0,0.413756456042175,1.7928347936596325,1.0,0.40651590515535685,1.7705823026281888,1.0,0.4014546461253042,1.7709534776582723,1.0,0.41745217014377906,1.7817961937981586,1.0,0.4161790785072654,1.7964133479856654,1.0,0.4051064508613334,1.7755235395982318,1.0,0.4170265150963754,1.76289800254144,1.0,0.3968741834715887,1.7519873885388806,1.0,0.406684327525692,1.8012168695503301,1.0,0.4157920678301326,1.7897181621138993,1.0,0.4089179079334391,1.8183973881669027,1.0,0.40887947989981616,1.7462229630040889,1.0,0.40193719314511983,1.7855046088534228,1.0,0.40766322624162804,1.7835958003461843,1.0,0.41782668154831293,1.7811676308061095,1.0,0.4231271596708588,1.7491833649437258,1.0,0.44189854107538445,1.751758081971466,1.0,0.43343426904136606,1.740744018649447,1.0,0.44672465038600395,1.763310487442204,1.0,0.4000897008160345,1.7441967041766369,1.0,0.40857418250309613,1.7442260685022406,1.0,0.40682939141047947,1.7521424501458076,1.0,0.4095697793613175,1.7813744516331933,1.0,0.4506779095172046,1.810023121077428,1.0,0.42241658373203317,1.7620781597803163,1.0,0.4200959040101912,1.721491863029613,1.0,0.4083063764407256,1.699497372443387,1.0,0.39582725160506904,1.6815646250540655,1.0,0.4051961127467741,1.7055981175058494,1.0,0.41121137326751805,1.6960972763533817,1.0,0.42996837050256353,1.6973609394278284,1.0,0.4214134124526495,1.6941359251050305,1.0,0.41072095340842596,1.7083710510837233,1.0,0.3956900632013759,1.6892672076292135,1.0,0.34219721121624785,1.6466290784821225,1.0,0.3424861807848779,1.6196899084693925,1.0,0.33634573363606374,1.6487537191678605,1.0,0.3347395651127213,1.6906952556682546,1.0,0.41595911988698053,1.7228903051582916,1.0,0.42753496185096806,1.689823231924466,1.0,0.38400554126261627,1.6393301891787657,1.0,0.3597648375938668,1.6520013237277045,1.0,-0.9888467085976669,1.7110000275633586,1.0,-0.9786297013766007,1.716638882569138,1.0,-0.9831863717169448,1.7250646450457783,1.0,-0.9928445912358584,1.727411489135073,1.0,-0.9637145598991933,1.721645500304812,1.0,-1.0020682022105545,1.713833361737627,1.0,-0.993697373856872,1.7407744047283722,1.0,-0.9999032259134728,1.7391152200611268,1.0,-0.9851104825769796,1.7104841508993633,1.0,-0.9750514353391379,1.7059123554475886,1.0,-0.983324121439965,1.6954880427237877,1.0,-1.0113348159806304,1.7270181934366273,1.0,-0.9901012855362592,1.732166972210012,1.0,-1.0063047053267267,1.7434738380531292,1.0,-0.9810089135088401,1.6893269468996408,1.0,-0.9716759894856487,1.7114775511068543,1.0,-0.9833180218281481,1.7007992974848882,1.0,-0.9850137769338811,1.6821435984426605,1.0,-0.9865911594483625,1.674987663937451,1.0,-1.0315737997692254,1.7434801474723391,1.0,-1.0025679779323982,1.7158422455805376,1.0,-0.960411077155429,1.713353005991029,1.0,-0.9617042372692397,1.6949752365350004,1.0,-0.9564598152733239,1.6788352183093582,1.0,-0.9854236553082643,1.6862369804786481,1.0,-0.999005554439413,1.6985170790566797,1.0,-1.062001892727818,1.7521610521390938,1.0,-1.015566726488689,1.7048856417601739,1.0,-0.9919324668634072,1.6569419946468198,1.0,-0.9723754878254518,1.6272523911736452,1.0,-0.929347556626474,1.617700778874232,1.0,-0.945597515823569,1.6166236868814556,1.0,-0.9456929711124713,1.6314827837638584,1.0,-0.9584198953869046,1.6327847410143648,1.0,-0.9697764894480412,1.6464379856112927,1.0,-0.9394331328018334,1.612502121885362,1.0,-0.9093230065606502,1.5691739803504994,1.0,-0.8919646993982646,1.5200483697011469,1.0,-0.8739249265279722,1.494124890940324,1.0,-0.878605649168793,1.5375816972118606,1.0,-0.9021726978157335,1.5775137414133633,1.0,0.0,0.0,0.0,-0.9372640708500205,1.5693997878626138,1.0,-0.8996768973736082,1.5133245510304247,1.0,-0.9071825801716525,1.5317215055854083,1.0
4,0.4203569947230857,1.8590909371733795,1.0,0.43774488859135546,1.8152263074342245,1.0,0.42212190018883555,1.814705379819132,1.0,0.41987226389869886,1.8019792245846395,1.0,0.41237295476553487,1.8211550267558807,1.0,0.42289759984913666,1.7675103788956,1.0,0.4202125767824842,1.7868283299103105,1.0,0.4132987176779189,1.8088013542053178,1.0,0.40153901252915253,1.7705473971783043,1.0,0.40286564474788666,1.7628160145558445,1.0,0.38942406960369574,1.7197364402769397,1.0,0.3755867306030145,1.6931415754389705,1.0,0.3738606177045738,1.7220136727808284,1.0,0.38253495204479826,1.7037999221217563,1.0,0.3858811688433509,1.7504934533144803,1.0,0.39294893800880193,1.7578142333893685,1.0,0.4048332934671018,1.7543016626364702,1.0,0.4140002124131041,1.764823654464485,1.0,0.3925791848430838,1.7736037754428808,1.0,0.40509423983442316,1.8036720955179635,1.0,0.4136032702306969,1.8009951823454886,1.0,0.40600954898315295,1.7731162959722657,1.0,0.4210621906204982,1.7975159615143361,1.0,0.39782128033322567,1.7601610726297843,1.0,0.40458629902790616,1.766841296646722,1.0,0.4071267830119488,1.7462660425668342,1.0,0.391460952600978,1.721913307150283,1.0,0.38657167803640796,1.7012754378280788,1.0,0.3932871589086928,1.719861865944647,1.0,0.3945403864347804,1.7169253307981236,1.0,0.3791655069079801,1.7435753334812598,1.0,0.37314046435794734,1.714625871482001,1.0,0.3699065200026424,1.6965982762140404,1.0,0.38156827057774234,1.76703191477728,1.0,0.37104281174072873,1.7210439109153248,1.0,0.35518024603671294,1.7313512850635295,1.0,0.4184844046300799,1.7703111223080874,1.0,0.42625646340493006,1.7313938868154497,1.0,0.38293711927122354,1.7152523967110016,1.0,0.3574216154546589,1.6543962278246107,1.0,0.362072985849216,1.6576473894423889,1.0,0.3415976698292978,1.637874781965748,1.0,0.35000807604043277,1.6566960998550424,1.0,0.35111083082244054,1.67920745511806,1.0,0.4357359470221731,1.7965116260545937,1.0,-0.9885057860113036,1.7332996174649518,1.0,-0.9661938743351988,1.6838636161662428,1.0,-0.937345030804375,1.6663998964380544,1.0,-0.9345597196804366,1.6542230081941882,1.0,-0.9625939356515802,1.6878249040487665,1.0,-0.9293073715527612,1.6290315565231164,1.0,-0.9710526226949553,1.6551109145751683,1.0,-0.9573452933413387,1.6758904198034505,1.0,-0.9562104191343629,1.6553444150977636,1.0,-0.9578448399355463,1.6316631967550317,1.0,-0.9114240989058683,1.5920458225091298,1.0,-0.9116219704235191,1.5739555846031803,1.0,-0.9344786112464253,1.585561115160172,1.0,-0.9492453187494153,1.5762042075546459,1.0,-0.9363784361178142,1.6044770552206091,1.0,-0.9686966053113726,1.6257758776734728,1.0,-0.9372198629824285,1.631552898327062,1.0,-0.9598178582149395,1.6332003662606007,1.0,-0.9704013077173046,1.6579569457710903,1.0,-0.9670335461036991,1.678933205887225,1.0,-0.9569945933516826,1.675635621651978,1.0,-0.9466582305090592,1.6493966819943195,1.0,-0.949428734181439,1.6646198718365726,1.0,-0.9459467588264976,1.6536428744037088,1.0,-0.9443412777717803,1.643463774378458,1.0,-0.9326677540985889,1.6318933381793492,1.0,-0.9166851488198375,1.6007886681298371,1.0,-0.9262032850584518,1.597214007826657,1.0,-0.9401913799262642,1.6147999204606807,1.0,-0.9047795439200662,1.6200816092809922,1.0,-0.9362725996131437,1.6695819399894465,1.0,-0.8938405196409606,1.6496524876871852,1.0,-0.872306371688547,1.6240014189074123,1.0,-0.8994190074708497,1.667858706154163,1.0,-0.8756331327701583,1.6319956291645472,1.0,-0.8617547565295746,1.6502222848924437,1.0,0.0,0.0,0.0,-0.9006247256170341,1.641849757494949,1.0,-0.9030157302423443,1.6348803436164037,1.0,-0.8580256219044495,1.5833635970698576,1.0,-0.8597591039534518,1.5857749135716437,1.0,-0.8675957716099572,1.558842530891287,1.0,-0.8557624737890414,1.5768437455617,1.0,-0.8672547301340866,1.6230985148108514,1.0,-0.9739467855470016,1.7476208954452583,1.0
4,0.37143321408431945,1.6929736545438954,1.0,0.3947317507720338,1.7049099257100455,1.0,0.39711758377834533,1.72220378840647,1.0,0.3770526464058305,1.6645297010817657,1.0,0.373848904206943,1.656258667054141,1.0,0.3570875676517541,1.6460141972408686,1.0,0.349673659014967,1.64471910589682,1.0,0.35485764133587777,1.6226411077539837,1.0,0.3625237554520356,1.6305171916334797,1.0,0.37586613706564154,1.6513299950495164,1.0,0.3549068911338871,1.5866716662801277,1.0,0.36417898537057874,1.6153192106746075,1.0,0.4356846402283724,1.7124154541713763,1.0,0.43538872267167156,1.6703528228119364,1.0,0.4680729059749308,1.7047247713912475,1.0,0.45846925303986413,1.6924006450662636,1.0,0.4398100413177487,1.6911098565457174,1.0,0.39924931731090624,1.6451012546481085,1.0,0.37097988079896754,1.6770617586897907,1.0,0.3457894589807629,1.6626072585323524,1.0,0.3595402798011545,1.68084606227085,1.0,0.38339549261619804,1.6960151690709444,1.0,0.392367287902609,1.732716709000859,1.0,0.4004603814476673,1.7408098025459173,1.0,0.38726220903165737,1.7218119607386717,1.0,0.32988124062056917,1.6874155540795532,1.0,0.3379247259894961,1.6793720687106264,1.0,0.39381880275971054,1.6769416348234505,1.0,0.41322498538142677,1.734990781869694,1.0,0.405143965250664,1.726909761738931,1.0,0.38669147952021693,1.7227417145916322,1.0,0.37823056050940423,1.7105579625375205,1.0,0.37823056050940423,1.7024652859176217,1.0,0.3329495566908403,1.638669751213879,1.0,0.36609983209732266,1.702668457473978,1.0,0.37420426700225945,1.6864595876641046,1.0,0.382999313278025,1.7228970315741745,1.0,0.3667240160517745,1.739172328800425,1.0,0.3594269277049768,1.6824988173649025,1.0,0.3402038781710004,1.6505296809143226,1.0,0.348871021410439,1.6894365715806159,1.0,0.33239852194185854,1.6894365715806159,1.0,0.37237901064058976,1.7068693734015532,1.0,0.3478797645774016,1.7068693734015532,1.0,0.3549874965094137,1.7088831317452462,1.0,-0.8905379984659086,1.636707422137197,1.0,-0.9017339212021552,1.6404892712020114,1.0,-0.8932127621701107,1.657281506849315,1.0,-0.8775827208301078,1.6010038597027307,1.0,-0.8671730406770851,1.6088310768037961,1.0,-0.8905888858478817,1.5903853107791013,1.0,-0.8753217675648068,1.5969920113547509,1.0,-0.8629138721503852,1.5751954643714021,1.0,0.0,0.0,0.0,0.0,0.0,0.0,-0.7890492100780019,1.507778142058618,1.0,-0.823200469475845,1.5270680349765626,1.0,-0.7939214276628777,1.7043259405668285,1.0,-0.8958552908316928,1.654313738311896,1.0,0.0,0.0,0.0,-0.9197900113309914,1.6599710153163612,1.0,-0.918828503288703,1.6749355881575454,1.0,-0.8921700781523528,1.6134099811398077,1.0,0.0,0.0,0.0,-0.8825213411162637,1.606040313791042,1.0,-0.8790529168664308,1.632273780048592,1.0,-0.9429304347701851,1.6720454233952868,1.0,0.0,0.0,0.0,-0.9591793341221309,1.6922512412755675,1.0,-0.9389163136250775,1.68113163795779,1.0,-0.9088155061941758,1.615024185759211,1.0,-0.9249024769320298,1.6230676711281378,1.0,-0.9458693366772156,1.7008646373133955,1.0,-1.000953537502059,1.726909761738931,1.0,-0.9524674167174825,1.7430718020004565,1.0,-0.911394730152048,1.7227417145916322,1.0,-0.9327830519142115,1.7105579625375205,1.0,-0.9327830519142115,1.7186506391574192,1.0,-0.887871167232734,1.6069601220210588,1.0,0.0,0.0,0.0,0.0,0.0,0.0,-1.000400950953267,1.6822087885085484,1.0,-0.9678503565007659,1.698484085734799,1.0,-0.9270021218568841,1.6087544769441589,1.0,-0.936732369050936,1.5697109310901494,1.0,0.0,0.0,0.0,-0.9606926863417079,1.5988378245034234,1.0,0.0,0.0,0.0,-0.9669131074803635,1.666037296629573,1.0,-0.9418375464000925,1.6678443645645655,1.0
4,0.3628336508575063,1.6894673397090316,1.0,0.3590113763350879,1.6765037575788186,1.0,0.35871696146720433,1.6851371006387976,1.0,0.35298678178114,1.6728669981431616,1.0,0.36841619967918454,1.7199249659762454,1.0,0.37679204061920496,1.697960112242545,1.0,0.36607176199197056,1.6940670937197198,1.0,0.34956005529567696,1.689210802514789,1.0,0.34656895666070997,1.6373504668422836,1.0,0.3448560928724275,1.6431844725266038,1.0,0.34382161044999776,1.6225452288545088,1.0,0.3298763232379475,1.5850106484019821,1.0,0.3473002818252337,1.6116100459404503,1.0,0.3394984761014175,1.5835078491050634,1.0,0.30765210757383016,1.5554269430259544,1.0,0.3187404385179288,1.5632384326324817,1.0,0.34276090216833716,1.5700848830510135,1.0,0.3556742954149825,1.6035321872090655,1.0,0.3967232523873228,1.650129591546633,1.0,0.39817403008162133,1.693346915734634,1.0,0.3941891675364129,1.693589633855142,1.0,0.3665077806477845,1.6707754571447473,1.0,0.3267854849050113,1.6321815698448305,1.0,0.3523566344857988,1.632168710324459,1.0,0.34676041050392425,1.6588506178526803,1.0,0.34587892198719183,1.6505447768456196,1.0,0.37508190829483634,1.667827013471778,1.0,0.3889402510584089,1.6866584827447717,1.0,0.3863170097462454,1.7219528893716345,1.0,0.3668431123759327,1.6816520458824746,1.0,0.362197103486075,1.624256918442829,1.0,0.3493286308233877,1.6007031397460378,1.0,0.3526571790304618,1.6152272207852512,1.0,0.3407265484908526,1.6163293217151202,1.0,0.3964776275352939,1.665405213268323,1.0,0.41746901185036317,1.6620359187237561,1.0,0.3898319508043887,1.6671464494010977,1.0,0.34078449515344555,1.6382418293459426,1.0,0.3083816402562927,1.6216745752611168,1.0,0.2959855743950283,1.629612083305101,1.0,0.3032503280982337,1.6496380370014068,1.0,0.29427162821225256,1.6363199698792166,1.0,0.337639374876811,1.6829043882583987,1.0,0.3690190603282852,1.7247789322299332,1.0,0.3554578352115219,1.7240398538384298,1.0,-0.9751685495100366,1.6093474474714542,1.0,-0.973047902362068,1.6042836762036716,1.0,-0.9927845203273364,1.6127352355426616,1.0,-0.9775708262692748,1.6091277115299683,1.0,-0.9977553463511093,1.63860523109349,1.0,-0.9714750793909275,1.6252990099665499,1.0,-0.9811124612788434,1.62953132254507,1.0,-0.9668212221716252,1.616078509322161,1.0,-0.9510020665774442,1.5657054410193179,1.0,-0.9701334888688224,1.5710204101139742,1.0,-0.9628170341771002,1.5660855343335847,1.0,0.0,0.0,0.0,-0.9452314987488076,1.555061780540336,1.0,-0.8979794303147238,1.5433299950006432,1.0,-0.8831351718728374,1.5232435030409095,1.0,-0.8817389344592449,1.515537265494316,1.0,-0.8905694699420319,1.5384610273558759,1.0,-0.9540146965745621,1.5638446419972611,1.0,-0.9833583314933233,1.6017056763227508,1.0,-1.0104832238013033,1.6523975769589676,1.0,-0.9818662025155902,1.6526356049845468,1.0,-0.978363779388394,1.6302672776255853,1.0,-0.9127946180236636,1.5673669239400632,1.0,0.0,0.0,0.0,-0.911945018009823,1.5852899109914873,1.0,-0.9218004124109058,1.6424703861806635,1.0,-0.9982549304550397,1.6112778495232538,1.0,-1.003969439052747,1.6296387878279408,1.0,-1.0182511205020606,1.6475934001231947,1.0,-0.9827242031255875,1.600352810008889,1.0,-0.9104356134616121,1.5269856279754899,1.0,-0.8994156787865082,1.5126506563761093,1.0,-0.8886205874081119,1.5431530278952696,1.0,-0.8976111169736365,1.5923614959319365,1.0,-0.972041159684652,1.617104550189972,1.0,-0.9691085866257501,1.5982852245409465,1.0,-0.9683286747446014,1.5952438280485042,1.0,-0.9095727074891706,1.5420605060657413,1.0,-0.9054611522129546,1.5018874575832306,1.0,-0.9288519505009739,1.5335463950779638,1.0,-0.9267330441955748,1.5697689868524582,1.0,-0.9412081017203325,1.6204804861621322,1.0,-1.0169652069218549,1.5952535035537792,1.0,-1.0577823429263915,1.6038635590727572,1.0,-1.0046847880252359,1.6274616794074175,1.0
4,0.3790754445818593,1.662591322934894,1.0,0.3801480810343465,1.67632532101638,1.0,0.38892760427313716,1.6597093283659223,1.0,0.3927686894926343,1.6815476092134296,1.0,0.37573991826456804,1.687817571748086,1.0,0.36846941719394755,1.6821627633050238,1.0,0.3695592080160492,1.6607562845991728,1.0,0.3688980501835742,1.6660465277639729,1.0,0.36413512846633544,1.6227404708048943,1.0,0.3580222058710685,1.610782781199437,1.0,0.34446310985736645,1.6109154057898722,1.0,0.3357172856175821,1.6048857462416188,1.0,0.3131484248379964,1.500640074188983,1.0,0.3180380432587169,1.516609345304485,1.0,0.30707208922154305,1.532557879787494,1.0,0.3202550972780881,1.5382327338432658,1.0,0.33249917565231324,1.5774642198435127,1.0,0.3591671991196946,1.5742443246715483,1.0,0.3937362067577198,1.5663744138601061,1.0,0.3828832000701034,1.582149966946281,1.0,0.3140076802769081,1.5859866962600462,1.0,0.29069413782401043,1.5923559144508017,1.0,0.2894944720377394,1.6121908539112944,1.0,0.29428566908919984,1.5977821919706885,1.0,0.31942752084167736,1.6122892513267637,1.0,0.3474359204949167,1.6148108681420321,1.0,0.36017284107756964,1.6317902166406208,1.0,0.3113678710756521,1.6122471959368248,1.0,0.30866313428028413,1.5921572244710367,1.0,0.3060451643517337,1.580922005002297,1.0,0.30508382906426496,1.5517267119288516,1.0,0.344270088595041,1.5836448294603507,1.0,0.353949371833531,1.6180427413294332,1.0,0.35271518876588115,1.6714786431706594,1.0,0.32705444660845834,1.691716280082653,1.0,0.3121930111664733,1.6871222636125611,1.0,0.2906580371062912,1.6395989468132508,1.0,0.29207873200418527,1.6376278284669412,1.0,0.292647834919578,1.668147983599492,1.0,0.33649807255060626,1.6610888059085414,1.0,0.38918168087214444,1.6897384527749908,1.0,0.38784749096058657,1.699294021860322,1.0,0.3202322873853438,1.6630574025831726,1.0,0.32263968545009275,1.6572387353440157,1.0,0.32151155100053996,1.6456869727472925,1.0,-0.9579652931902903,1.5905352352705266,1.0,-0.9539617961109836,1.611641205760849,1.0,-0.9598130330224107,1.587455365653661,1.0,-0.93674632177076,1.5929132751292034,1.0,-0.9513387027476078,1.5907142580154878,1.0,-0.9643732467035233,1.5933065857118591,1.0,-0.9334481674231171,1.5808171818114938,1.0,-0.9459126948325507,1.5698408634945005,1.0,-0.9310031097852184,1.5516658113886506,1.0,-0.9214676531967368,1.5397000112512258,1.0,-0.9206338373070228,1.5397537025118755,1.0,-0.9233302194375115,1.5411365054793358,1.0,-0.85390002900108,1.4614773743957252,1.0,-0.851291740022876,1.4768362234241588,1.0,-0.8638963826794037,1.5004765517902077,1.0,-0.8606937793346942,1.506529408296614,1.0,-0.8227152317880795,1.601699487132472,0.75,-0.8365156552593119,1.6061292007883219,0.75,0.0,0.0,0.0,-0.9342800302038875,1.5348267371160778,1.0,-0.8955571169962055,1.5382407174203179,1.0,-0.8767545234298683,1.528386124793055,1.0,-0.8851500501704991,1.5478267705026238,1.0,-0.8826151757843101,1.542491548251799,1.0,-0.8844729698313905,1.5963435494635443,1.0,0.0,0.0,0.0,-0.9290103113487063,1.5447901265995838,1.0,-0.8723369071439524,1.5175508136792564,1.0,-0.876398374826002,1.528953943985368,1.0,-0.8754332847471533,1.565063233873453,1.0,-0.7991152117234136,1.6305980719851145,1.0,-0.9118017199672667,1.6233939373262465,1.0,-0.9688598141885361,1.6180427413294332,1.0,-1.0060290658240114,1.6472153529101257,1.0,-0.9279924571453382,1.6260929125661145,1.0,0.0,0.0,0.0,-0.8863088002555117,1.5742119002931505,1.0,-0.8935760101238922,1.5970232140105003,1.0,-0.9037631843525429,1.6435641955322564,1.0,-0.9056492312123405,1.6610888059085414,1.0,-0.970915585237555,1.656965024675962,1.0,-0.9974774305375728,1.6665052663219042,1.0,-0.9127749777278152,1.5669789143925368,1.0,-0.9193348909096609,1.6085338499965744,1.0,-0.8830342309440703,1.605265973353178,1.0
4,0.3475961256532476,1.633866427621488,1.0,0.35853283620270554,1.648285556920988,1.0,0.359513352570774,1.6438091046931698,1.0,0.3562564536201084,1.6539586603253984,1.0,0.36474931480443806,1.6733966365993511,1.0,0.3584548721346739,1.6692625738238598,1.0,0.36783631009704065,1.6304064592849825,1.0,0.3428152447768706,1.5984744895870915,1.0,0.3790457708706683,1.6180567512136768,1.0,0.37447801748313775,1.625261053929209,1.0,0.39047824684755983,1.6350941100317702,1.0,0.3946309183825254,1.6540486607863614,1.0,0.3931730188278235,1.6610418461268273,1.0,0.4010030780330845,1.6634549728562866,1.0,0.3582240820268759,1.6328634735304801,1.0,0.35464310669429205,1.6121641003897635,1.0,0.3383906127297873,1.6115803025340298,1.0,0.3230248902901354,1.638522175246574,1.0,0.4056074087853673,1.6353647372104245,1.0,0.4082158506949222,1.660122126903695,1.0,0.3950223351828887,1.6733181522934848,1.0,0.3529066612961316,1.624742603023511,1.0,0.36265899886283226,1.6319907556022006,1.0,0.3540588796731321,1.6122687516514025,1.0,0.388736157068388,1.6467455282412686,1.0,0.4131995144932106,1.6809145112432067,1.0,0.402714890039093,1.704585951549492,1.0,0.39207173101899984,1.6794949201368574,1.0,0.3359502003985632,1.6281237621931914,1.0,0.3218291736864187,1.6376645712011098,1.0,0.2943773323802694,1.6481368455987448,1.0,0.3841472763551796,1.6290310612909544,1.0,0.4227632400781818,1.669887854255779,1.0,0.4025092692421102,1.6661751073294644,1.0,0.41635944100333055,1.6497141930286836,1.0,0.41610695624329397,1.647930658712202,1.0,0.338074100094039,1.5975825391608522,1.0,0.33294732250745973,1.6054253112592785,1.0,0.2859675497987232,1.6693162475555943,1.0,0.2859037433033166,1.6999960008458068,1.0,0.32213462023730255,1.7343129522898277,1.0,-0.8823344437215056,1.7603448036087679,0.75,0.3756027711437635,1.744320125712395,1.0,0.3738115557521458,1.7725623140184394,1.0,0.38125870586009986,1.7599525253976698,1.0,-0.9172809701100967,1.6086204341206942,1.0,-0.910466513030022,1.6020167405662156,1.0,-0.908926639529487,1.6084283407029947,1.0,-0.9189603933140273,1.6038568001342697,1.0,-0.9170312550135581,1.6297823114272907,1.0,0.0,0.0,0.0,-0.8982292222446294,1.5967615683789,1.0,-0.878096442736227,1.5661002526871366,1.0,-0.8890980684047285,1.5428396947982452,1.0,-0.9171145532203223,1.5620498236294982,1.0,-0.9097249470455847,1.5931559798159909,1.0,0.0,0.0,0.0,-0.9451782247435809,1.5975506848714052,1.0,-0.9757618533071764,1.6040028931212023,1.0,-0.9494028926140783,1.614645118495546,1.0,-0.9039368548609709,1.5681372716387956,1.0,-0.9086787868537269,1.5311819277264291,1.0,-0.9287486679932717,1.5233617450153358,1.0,-0.9449242866668554,1.549684971765511,1.0,-0.9674922037211849,1.5465171152247066,1.0,-0.9916529192901057,1.5864448232202724,1.0,-0.9710543167815338,1.6078773545945904,1.0,-0.9173979796062418,1.5519225917615915,1.0,-0.9358612512173229,1.5751804946611938,1.0,-0.9706564551253757,1.5718810890051065,1.0,-0.9827745060679085,1.614283737397806,1.0,-1.0286338609752605,1.6397192719441074,1.0,-0.9970665927740522,1.6551818992149105,1.0,-0.939290379977833,1.5978162630204873,1.0,-0.8918120451746044,1.5554273134421486,1.0,-0.9017749426232434,1.5410642462292943,1.0,-0.9150134804335,1.5997612130861942,1.0,-0.9293794552758391,1.620972615084629,1.0,0.0,0.0,0.0,-0.9586113091852542,1.6337674745097652,1.0,-0.9246466500671804,1.641537326619717,1.0,-0.9171438578399463,1.6315717530179292,1.0,-0.8937539486423858,1.5813742753616888,1.0,0.0,0.0,0.0,-0.9084686855346021,1.6289636720375766,1.0,-0.7499997701198777,1.7398384436697758,1.0,-0.8640952397604865,1.7182828190466144,1.0,0.0,0.0,0.0,-0.9986596845054015,1.7079754321239666,1.0,-0.9679329488417676,1.7114785737317344,1.0
4,0.5750410619055085,1.7710360155080558,1.0,0.5535006144066407,1.7683688276971328,1.0,0.5661799529943794,1.7946245999874804,1.0,0.5788220447305259,1.7970167031494546,1.0,0.5648317928060645,1.7822505385115426,1.0,0.5595454044240937,1.778783883891508,1.0,0.5664312108877424,1.7002175521150842,1.0,0.5519771668269331,1.6872231469649677,1.0,0.5447316957474042,1.6770333825934238,1.0,0.5411416264474805,1.6422000347682688,1.0,0.5462740770910404,1.6680341441679287,1.0,0.5548262704122254,1.697335821284097,1.0,0.5496448687089341,1.7293292573202934,1.0,0.5483896911124322,1.6660044821084825,1.0,0.5288749213206752,1.6384678489029787,1.0,0.5315463927332069,1.6442108061719876,1.0,0.5430458364922981,1.6263481944778806,1.0,0.5422943781348571,1.6517788445756025,1.0,0.5563554823831975,1.7172090471625439,1.0,0.5507248291757048,1.7255430939569105,1.0,0.5099095176038058,1.6861450003859655,1.0,0.5139099638255112,1.6650333798321315,1.0,0.5126698090185197,1.6451248109467125,1.0,0.527816419632736,1.6546177137118583,1.0,0.5260961642101453,1.6906196137708176,1.0,0.5667183219126257,1.7409435840200986,1.0,0.54769236271842,1.736425965139251,1.0,0.5560065540571675,1.7692093276319616,1.0,0.545243277429465,1.7244375412230621,1.0,0.5099303397405144,1.6938193942910877,1.0,0.5431764317019293,1.6963518881210171,1.0,0.5398487414417852,1.7048059290135584,1.0,0.5383438421931164,1.7339558183424746,1.0,0.5625089161276217,1.7724706083149915,1.0,0.5347693938872028,1.8118907617965243,1.0,0.515534344554671,1.759714949871406,1.0,0.4955390642756708,1.7051874087485794,1.0,0.49508783960301966,1.7101392272628728,1.0,0.5071431686910568,1.6988813779617766,1.0,0.5067901380352131,1.7078551480226567,1.0,0.512106515169779,1.744962017015093,1.0,0.5174169852071807,1.7504343723877547,1.0,0.5380460365332088,1.7828446310253556,1.0,0.49576179878269366,1.6893898185526337,1.0,0.5063051082725546,1.6808207573019143,1.0,-1.0099343979611366,1.7394942153117046,1.0,-1.0033190031146808,1.7290552009920488,1.0,-1.0171136955560909,1.74688710304626,1.0,-1.0128555345162467,1.7572247636682852,1.0,-1.0058727858801697,1.734653430066505,1.0,-1.0218320084242467,1.7390507830661728,1.0,-0.9882649057646412,1.7002175521150842,1.0,-0.9858673795731441,1.6712039329399668,1.0,-0.9937810797082036,1.668978341884232,1.0,-0.9943159324122303,1.6422000347682688,1.0,-1.0038352128267871,1.6600848657580938,1.0,-0.985838141194046,1.6576279756241414,1.0,-0.974222603421127,1.6894374386781452,1.0,-0.9441270259305409,1.634078990834836,1.0,-0.9551004498869053,1.5985760378490115,1.0,-0.9366509926168929,1.5963348044757888,1.0,-0.9322965448600105,1.5628926081831576,1.0,-0.9460135366814694,1.5960667835931732,1.0,-0.8782418457881026,1.6930304405079715,1.0,-0.9674085161210682,1.6616216899444147,1.0,-0.942299702882329,1.5988537357665802,1.0,-0.9379072854947393,1.5777656763210781,1.0,-0.908948246097669,1.5424523958549878,1.0,-0.9112788334812904,1.5439180788569333,1.0,-0.9410361496240266,1.5944142161423471,1.0,-0.9082408785907635,1.6522848342630643,1.0,-0.9605055460803892,1.6401580135137952,1.0,-0.9691372399292648,1.6885138887967006,1.0,-0.9289057171623749,1.652332427357157,1.0,-0.9279372707189621,1.6215243747707788,1.0,-0.9132161526571904,1.6088091644710154,1.0,-0.8931949744985602,1.6490764511714338,1.0,-0.951437747257047,1.6622551001336432,1.0,-0.9926911376940619,1.6923056570870696,1.0,-0.9792677208276379,1.6910899281756595,1.0,-0.9814577468823849,1.66261276015657,1.0,-0.9586565171331163,1.5920833079723404,1.0,-0.9835906208240132,1.5895947875541474,1.0,-0.898259470912284,1.627014197527515,1.0,-0.9955352176977288,1.643584544568841,1.0,-0.9939019159101464,1.6652790312436683,1.0,-0.9787947665628032,1.6624219164012852,1.0,-0.9615350098704634,1.6619106756702209,1.0,-0.9304703795661502,1.5943076733293775,1.0,-0.9302593166638188,1.6018886460416741,1.0
4,0.5140015978541146,1.758981029570188,1.0,0.5325612729091129,1.7583813693364212,1.0,0.5448336469564258,1.7820230758150626,1.0,0.5136008564248361,1.7986235268052682,1.0,0.5113411253405036,1.749687291128476,1.0,0.5284245410089534,1.7333751946955374,1.0,0.5136882253017332,1.73069665727501,1.0,0.5211263396421139,1.7478952720607783,1.0,0.5169785047453924,1.7382370719812674,1.0,0.5058344088431472,1.752895199061254,1.0,0.4984003376168793,1.7225574669567982,1.0,0.5110621838932267,1.7331789768988342,1.0,0.5053273818467331,1.7697850676553963,1.0,0.506085465647668,1.7499538267994448,1.0,0.5311003263950629,1.7584981518134575,1.0,0.49683788408097246,1.7602345265459012,1.0,0.4921845291153152,1.7732389839342548,1.0,0.5102764546169735,1.7483392530438637,1.0,0.5157990374943352,1.7358881705690272,1.0,0.4781183478533978,1.7063569578846676,1.0,0.48759455904414484,1.6936056532513633,1.0,0.49617935429611815,1.6940644947654147,1.0,0.5056962658396169,1.7516470522958476,1.0,0.506990383127547,1.7402520193689723,1.0,0.5027198386079901,1.7962616494468118,1.0,0.5127505051275975,1.762879725594681,1.0,0.49775993987846634,1.7457683664870418,1.0,0.48540263376705606,1.6785480961496106,1.0,0.5127879885038256,1.761338116512889,1.0,0.5146717239316272,1.7652335884976624,1.0,0.4815760798134263,1.7616528783053096,1.0,0.49401093355155457,1.744014037822068,1.0,0.4981851397921638,1.7539374707461435,1.0,0.46934403207053343,1.6742285860047135,1.0,0.4728506041855395,1.687323335227011,1.0,0.508713772084543,1.7192158294554087,1.0,0.4909660848189956,1.7401501509615318,1.0,0.5122252124966135,1.7596700128105347,1.0,0.4859432202814978,1.7480605070831743,1.0,0.5046213291235327,1.7414050627950504,1.0,0.4999431163939141,1.7062363911098446,1.0,0.49194933164127147,1.6915785222925919,1.0,0.4735923993428659,1.6692321180025511,1.0,0.4839468014925779,1.6508157196967177,1.0,0.4978305255921201,1.683473602517537,1.0,-0.9772557368932803,1.6712600098791646,1.0,-0.9710128528430039,1.6864017569333942,1.0,-0.965554898343212,1.70168325957572,1.0,-0.9874140104692318,1.7017838579733928,1.0,-0.972165270238647,1.6775167097219228,1.0,-0.9704586127755248,1.653647367366576,1.0,-0.9604537328154861,1.6589816430963344,1.0,-0.9560174389616246,1.6676157188757925,1.0,-0.9538995848770288,1.6503041427103617,1.0,-0.9759080473616202,1.663828712622716,1.0,-0.9513071101007218,1.6344536994159495,1.0,-0.9432977001900209,1.644792464606482,1.0,-0.9651369558500478,1.6728313750600041,1.0,-0.9762140879219271,1.6538046665679036,1.0,-0.9643317786080916,1.6705315574015072,1.0,-0.9936038888483499,1.664591204218886,1.0,-0.9834027808847727,1.677005028934249,1.0,-0.9706618993434178,1.6682885312081668,1.0,-0.960311511903529,1.6713587476445304,1.0,-0.9620709584290124,1.6168536676637268,1.0,-0.9470518146362011,1.582638530425259,1.0,-0.9695993024372302,1.6059575809726998,1.0,-0.9708859471052939,1.6392984056587347,1.0,-0.9864385867324396,1.6608143082062072,1.0,-0.9901220848366197,1.7074980756203755,1.0,-0.9795169138124065,1.690673237581455,1.0,-0.9473517001217697,1.6419758177577433,1.0,-0.9327251997765087,1.6151680812426357,1.0,-0.9868444021666551,1.664064664145074,1.0,-0.9893433711605503,1.692847835257932,1.0,-1.0007626932140858,1.689539100158025,1.0,-0.9685817274071458,1.67247417940561,1.0,-0.9387870952775914,1.6977430257992816,1.0,-0.9086090924161391,1.6187936901920312,1.0,-0.9197982004944034,1.622923390501927,1.0,-0.9197744102875374,1.662721946536739,1.0,-0.963785359452476,1.6678144437878122,1.0,-0.9745062081085358,1.7034153104092589,1.0,-0.9845612791556438,1.6921174011263265,1.0,-0.9476596606057562,1.6855481016516163,1.0,-0.930757642745173,1.6509054225243551,1.0,-0.9188467754762772,1.635784325965909,1.0,-0.8984198404299684,1.629114801050129,1.0,-0.9270418270375697,1.6189289710293697,1.0,-0.9295781391641874,1.635627502022912,1.0
4,0.4316102070286272,1.6535338171162033,1.0,0.4858092860069213,1.6583911405104894,1.0,0.4749473263402728,1.6581762993397142,1.0,0.46592185589363194,1.6943427236015727,1.0,0.4741585066515065,1.660599648091673,1.0,0.4703197699103654,1.6117612229813942,1.0,0.4546121017279064,1.6299611484126784,1.0,0.43048115352952937,1.6258031464516025,1.0,0.4917413007414285,1.6729159864691778,1.0,0.49897851184301584,1.7004201304068434,1.0,0.485354509223014,1.7032845451186305,1.0,0.48703536475689657,1.6960435222213432,1.0,0.48110646088133213,1.68823463122639,1.0,0.4742420148213241,1.6760687011058661,1.0,0.4662529073005687,1.6583714730252337,1.0,0.4893654801406996,1.6947200467227084,1.0,0.4810989738741332,1.702384221415086,1.0,0.46680798045716604,1.7264399832476662,1.0,0.48943112385986515,1.7290867886881363,1.0,0.46406343857902377,1.6841803615897597,1.0,0.44729774817936624,1.668346054634054,1.0,0.4214683061808729,1.6489316652635713,1.0,0.437955689758574,1.6805683443593666,1.0,0.4846977305700784,1.691202615175091,1.0,0.46866293076128407,1.6857607009944862,1.0,0.46047242161320356,1.6698287503729603,1.0,0.4230748476357241,1.664417837272582,1.0,0.4228521564969962,1.682522756217489,1.0,0.4342211969513238,1.6746898624319297,1.0,0.44832692871184643,1.66805553878392,1.0,0.4957519098841558,1.716021337929999,1.0,0.45449119754281325,1.7340660493643603,1.0,0.46394974357085533,1.6926994765857113,1.0,0.4437987636989014,1.701195980542144,1.0,0.423520530388444,1.6943525637689958,1.0,0.4410017738778575,1.6660187551523176,1.0,0.44768631501744294,1.6810437619158245,1.0,0.46314498493351275,1.6770814159377647,1.0,0.46113525683296563,1.755057505127913,1.0,0.46432474110954214,1.7191823558394783,1.0,0.4641410919974216,1.733195214799204,1.0,0.47035959256356086,1.7264599162285603,1.0,0.47572657601733487,1.6934866209201815,1.0,0.5050281717280938,1.7297687548594762,1.0,0.4748082393462142,1.6975457731446897,1.0,-0.8936694343054267,1.5646431094657485,1.0,-0.9630230323647246,1.6583911405104894,1.0,-0.9530947544395223,1.6341081743827515,1.0,-0.9318207504355337,1.6620249754783551,1.0,-0.9232574466607948,1.6444445503655192,1.0,-0.8792775161103489,1.6117612229813942,1.0,-0.910247628686075,1.6218850553333057,1.0,-0.9067335525054124,1.6095944833481486,1.0,-0.9263794405074377,1.664812439376327,1.0,-0.9378489965481572,1.7167477157294704,1.0,-0.9586051160174288,1.6708360142143508,1.0,-0.9222771164747526,1.6557774513290104,1.0,-0.8902081265418246,1.648137713465479,1.0,-0.8513441000396019,1.6275716481231495,1.0,-0.8652232423974415,1.5938150536459363,1.0,-0.9284447817385959,1.6701337416034143,1.0,-0.9435698551483017,1.6861022919405437,1.0,-0.9684904156274231,1.677509356108419,1.0,-0.9238936782742592,1.6719002360006283,1.0,-0.8973380549656076,1.6358465807538556,1.0,-0.8867277679965834,1.6040556683123215,1.0,-0.8765783191182105,1.5852238554329414,1.0,-0.8945165127051207,1.6155697003367473,1.0,-0.9342458570024271,1.674986117031405,1.0,-0.8806347860471306,1.6295399627941356,1.0,-0.8729054639703976,1.6136019720652182,1.0,-0.8683648006584921,1.6002469230716272,1.0,-0.8851627001998003,1.6094039132965499,1.0,-0.8884341446163346,1.5935453629492513,1.0,-0.9190246366861837,1.6276013504585343,1.0,-0.9379908178073929,1.683802400229065,1.0,-0.9375845132773074,1.6455525648613467,1.0,-0.8977475547957936,1.605104913532886,1.0,-0.9011927509274167,1.5971192561960597,1.0,-0.9506937257282723,1.597349204513698,1.0,-0.9292419437574688,1.5939006647504583,1.0,-0.9454731943145797,1.640779036212587,1.0,-0.9371311522754232,1.653213072689885,1.0,-0.9225866317120804,1.6585187687177936,1.0,-0.8574640029181494,1.624203523933297,1.0,-0.8800367109238314,1.620509650482452,1.0,-0.8911373450941924,1.605616992767813,1.0,-0.9109735321735964,1.5819130489967732,1.0,-0.8998696914402183,1.6571016240059429,1.0,-0.917248386387718,1.6577727266951487,1.0
4,0.457990705977626,1.6935313634617735,1.0,0.4557896389043185,1.7014436914947835,1.0,0.44462380083646696,1.6892389620630435,1.0,0.45197619616949547,1.6823373606876122,1.0,0.4592743652207596,1.7013122384890194,1.0,0.45763334899069297,1.6951995223645022,1.0,0.45563498218760934,1.694083900244504,1.0,0.44172799846091315,1.664545772273614,1.0,0.4536368272579415,1.6895453774492237,1.0,0.44468836549280655,1.6420944145595398,1.0,0.4469692886519433,1.6482094921117079,1.0,0.4328874482162586,1.6414947858865372,1.0,0.42610808706723924,1.6312817034931195,1.0,0.4149286591599645,1.632380339360315,1.0,0.4213788164457427,1.599128463659163,1.0,0.43608662966334993,1.6415975550389674,1.0,0.4587641821181037,1.644168601537704,1.0,0.47603578052655476,1.6498877524242395,1.0,0.4632540149970935,1.6307283705499906,1.0,0.4190960571820348,1.6084203652286562,1.0,0.4252651460203774,1.648355130506313,1.0,0.41372823166597805,1.6119108197379926,1.0,0.44211948766473463,1.655307242006939,1.0,0.410694506383786,1.7314241733090943,1.0,0.4699822128017347,1.666401051081936,1.0,0.4278363152499783,1.636702913936906,1.0,0.4174989890158144,1.6700413625875143,1.0,0.4145434282580575,1.6466562131037312,1.0,0.44792313218369995,1.6649050484846781,1.0,0.4417144819421674,1.6253498706862077,1.0,0.46405169096806176,1.6740240907149375,1.0,0.4060720977812179,1.7176573617440176,1.0,0.3896977986215403,1.7089380278638948,1.0,0.3973057291239349,1.68538251739203,1.0,0.4304897399283033,1.7066941759575902,1.0,0.45245804980823046,1.646291092174227,1.0,0.45555442026898063,1.7108931543787245,1.0,0.433178896168459,1.7238351504884428,1.0,0.42805455865879083,1.7157769943734056,1.0,0.39620738145342205,1.7639856088706634,1.0,0.41402268351684596,1.745921429210602,1.0,0.44544101890981136,1.7587891964721944,1.0,0.4197426138736442,1.8006331373200368,1.0,0.3972457428519008,1.7839492493752143,1.0,0.42501019313548233,1.8056979420568335,1.0,-0.9339095130371083,1.62194792362673,1.0,-0.9537823534814465,1.6213543737455922,1.0,-0.9488047419525136,1.5931404418706998,1.0,-0.9363375254265854,1.602549215768297,1.0,-0.9534997511082429,1.6049867305574965,1.0,-0.953627186988065,1.6150142646384364,1.0,-0.9454636346821171,1.5980085665162942,1.0,-0.9268797069699322,1.5775244730843696,1.0,-0.943475286463837,1.609251577810041,1.0,-0.9043905788705181,1.5702499737354574,1.0,-0.9005616676693805,1.584041351334502,1.0,-0.8835173233802911,1.5692530606159947,1.0,-0.872324145399469,1.5751766070285085,1.0,-0.8731763386101211,1.5675700250071032,1.0,-0.8681670347072153,1.5513675062090533,1.0,-0.8723496643974791,1.585060184307944,1.0,-0.8785911424139353,1.6199995294076068,1.0,-0.9499570819513065,1.6012743593852214,1.0,-0.8876866239361465,1.5583565506071384,1.0,-0.883685120019394,1.5210387009041701,1.0,-0.9105209513661562,1.5750497958936376,1.0,-0.8788035719584824,1.556060680075207,1.0,-0.8201247213629608,1.6391246239424815,1.0,-0.950838064353329,1.5872619011133997,1.0,-0.9496731393191273,1.5933902044014345,1.0,-0.9013183239567683,1.5726472686739303,1.0,-0.9247779936914586,1.5886912424234372,1.0,-0.9058107797617025,1.5500449295900902,1.0,-0.9454355161457701,1.5838958247445927,1.0,-0.9433615325015791,1.5933249917395316,1.0,-0.94947566837021,1.6497921931262813,1.0,-0.928221357897689,1.635798867530588,1.0,-0.928227044781887,1.6270793419382161,1.0,-0.940268738257982,1.620530422003816,1.0,-0.9282976186782153,1.6575813798633785,1.0,-0.9572512325299561,1.654346573787588,1.0,-0.9992685710478407,1.7026738154447312,1.0,-1.0102163438178304,1.6746284945798193,1.0,-0.9695904846751011,1.6500054629223988,1.0,-0.9626649027733822,1.7220451062710707,1.0,-0.9500320936318816,1.720816126563693,1.0,-0.9454470844233873,1.7756484462095665,1.0,-1.0066687395533294,1.8006331373200368,1.0,-0.9737914008643005,1.7337893538734022,1.0,-0.9457292350987616,1.7549298150851949,1.0
4,0.42834521413208004,1.7666177013670177,1.0,0.43958108004777713,1.7496569713010106,1.0,0.4380515346595941,1.7704755238539653,1.0,0.43259132322045074,1.7470716565149578,1.0,0.42336505410292585,1.7363765554248853,1.0,0.4168940010792243,1.7356137929662392,1.0,0.4268821839626202,1.71547316479305,1.0,0.43052305090853,1.7370218358848635,1.0,0.4306518440100113,1.7294424520405316,1.0,0.4288430321443742,1.72435195109,1.0,0.4314418878668691,1.719673010839601,1.0,0.37634113623867066,1.6735521224189192,1.0,0.3831711720211339,1.6705619412106885,1.0,0.39272614542151857,1.7058749310222463,1.0,0.3929333057972722,1.6666730322205519,1.0,0.44027988639327986,1.7148707830581373,1.0,0.44373398094854,1.7223352197756434,1.0,0.45452944226577724,1.7409416047107154,1.0,0.41951695765905117,1.760821606227592,1.0,0.387155411479118,1.6740634951543192,1.0,0.36670717083806054,1.6519753596932483,1.0,0.34806303952767753,1.6248900298937576,1.0,0.3864990123490478,1.6497787146439151,1.0,0.4161067423252852,1.6404383180939273,1.0,0.40049832987098705,1.673148602375761,1.0,0.40951312112173144,1.7034912692959527,1.0,0.3976365533977401,1.663792366862877,1.0,0.39363040834991386,1.6307314237735724,1.0,0.3673879366142236,1.6551379662822343,1.0,0.4074157910269586,1.651981632205701,1.0,0.42843144361306945,1.656717764842187,1.0,0.42368062093271097,1.6817132397801202,1.0,0.42325471890520827,1.6752497972448277,1.0,0.3929927920881455,1.6763280143861703,1.0,0.3873308210852776,1.6490468881492844,1.0,0.40908263661460037,1.6653014072961698,1.0,0.43227734921848415,1.6787884674698828,1.0,0.42440481936953134,1.7125932983339327,1.0,0.4049330052393969,1.7097764083953764,1.0,0.40628524953061657,1.6857440746687997,1.0,0.40523520169481886,1.652106913867929,1.0,0.38683683762778825,1.692646432021686,1.0,0.4489840275667367,1.6908231280559114,1.0,0.426736848230055,1.689099871859611,1.0,0.43086240298767087,1.6875964438942932,1.0,-0.9857253075142033,1.7420962472344232,1.0,-0.9940123399824239,1.7250810841004929,1.0,-1.0098854600169513,1.7371896159303666,1.0,-0.9985092145828505,1.7141727935769508,1.0,-0.9796295305185259,1.6953533219564219,1.0,-0.9902527497251957,1.702889449924276,1.0,-0.9783576862112037,1.6746231685670667,1.0,-0.9935423700007104,1.6958638757429778,1.0,-0.9923600572542027,1.6963491520111313,1.0,-0.9872069416314172,1.6995089690939336,1.0,-0.9992371652816114,1.6700540841408098,1.0,-0.9242132978091157,1.6408337718768364,1.0,-0.927737245619251,1.6379927879773868,1.0,-0.9350023018638454,1.6648956579578833,1.0,-0.9359795872144729,1.6505649971537428,1.0,-1.0191165053354676,1.6902742146582146,1.0,-0.9944968527634943,1.6978199214737337,1.0,-0.9876608855520863,1.7079772543605927,1.0,-0.9504290958345151,1.6948001096736853,1.0,-0.9257239428116144,1.593518749492311,1.0,-0.9003317375043187,1.58025617620217,1.0,-0.7355847535330972,1.6326860571819646,0.5,-0.8613402226345646,1.6656747558538973,0.5,0.0,0.0,0.0,-0.9757037872154534,1.6091392015810428,1.0,-0.9407443599355139,1.646552700817635,1.0,-0.9010066375642237,1.5761538693132966,1.0,-0.868635261366355,1.5354660902100803,1.0,-0.7787918880301569,1.6551379662822343,0.5,0.0,0.0,0.0,-0.9636267661661537,1.585126199767827,1.0,-0.9580047637502223,1.6254818578453496,1.0,-0.9422315727385976,1.5949270742069568,1.0,-0.8992220353796733,1.6036409303411054,1.0,-0.8434213523027247,1.6174891401136944,1.0,-0.9003856584116955,1.6493322817470686,1.0,-0.9976262313326228,1.6390689235656852,1.0,-0.9832484468416637,1.6643309006352631,1.0,-0.9492375140092806,1.65368650523123,1.0,-0.9296040395822146,1.6297487152449086,1.0,-0.8666378646909852,1.5889082521841624,1.0,-0.9517343638102653,1.6523280223398171,1.0,-0.9823929556417895,1.6508405307595837,1.0,-0.9678218306412139,1.6415580987162726,1.0,-0.9144727368107691,1.6557541920647443,1.0
4,0.40650223607223457,1.6880269439426878,1.0,0.3983560718034795,1.6304594726178452,1.0,0.4051745990616695,1.6586879506091385,1.0,0.40686993690504775,1.6519980379828885,1.0,0.4161453763324997,1.665519256114766,1.0,0.42804608380722703,1.6379221234257444,1.0,0.42662455593207244,1.6376029257972329,1.0,0.4314511423709077,1.6615936207540445,1.0,0.4263563151783884,1.628620888685348,1.0,0.4170780811717883,1.6224638427477496,1.0,0.3940423018831248,1.6003292648667422,1.0,0.38375433335576337,1.5964085814582698,1.0,0.37256079841945833,1.6206057297992318,1.0,0.39746667075869563,1.6338248969176792,1.0,0.43374477069268197,1.6376839094592193,1.0,0.419685832420635,1.6445303554975492,1.0,0.4120345054003608,1.6660474363467628,1.0,0.4408103899857715,1.6214335283807015,1.0,0.37957737781134,1.6125943899058641,1.0,0.37067666442937347,1.594109579908655,1.0,0.40033574551831347,1.639183429437846,1.0,0.4579297283301201,1.6415177369384328,1.0,0.4609281724136734,1.646525490910115,1.0,0.43256527161665176,1.6195013905961313,1.0,0.3944926075878889,1.5820702233761204,1.0,0.38784233412767494,1.5738386906205852,1.0,0.3875291295834585,1.5675611062633805,1.0,0.4226287214640709,1.5297503516457018,1.0,0.5081726104804052,1.6269596769559351,1.0,0.4756875948660048,1.589292549469584,1.0,0.4477538646884598,1.5652737605285794,1.0,0.44981995654977186,1.6260528790127353,1.0,0.44423013477924805,1.610530939600646,1.0,0.42621226020873487,1.6020509588980483,1.0,0.41743238790024245,1.6233089833794057,1.0,0.5002272492170123,1.6767509645444163,1.0,0.44886701108168053,1.6410386597418372,1.0,0.407299606391653,1.652935842930196,1.0,0.39517043752380754,1.635232251640392,1.0,0.3986097524734443,1.6653025034415359,1.0,0.4068630282991689,1.6551365455189553,1.0,0.41037375722455266,1.7016154532505041,1.0,0.4788873398629022,1.6564172706967917,1.0,0.45220562560469457,1.6736908783684974,1.0,0.4340515999035735,1.6763055495870103,1.0,-0.9831231854415534,1.6398318426185103,1.0,-0.9574859516708724,1.5989282627696044,1.0,-0.959317926845532,1.6028315314199548,1.0,-0.9774826942707441,1.603985807999913,1.0,-0.9461113758764601,1.6174396060368028,1.0,-0.9334295527331172,1.581861361921142,1.0,-0.9610304622972667,1.5734339076132173,1.0,-0.9306317466920381,1.5967325307986662,1.0,-0.9359507993980131,1.564512318587635,1.0,-0.9291011975124143,1.5663730394692412,1.0,-0.8903538103287227,1.5444859556401402,1.0,-0.8947460988535191,1.5401223989081756,1.0,-0.8503740282146138,1.5723319866426235,1.0,-0.8296228898922009,1.6258047037108105,1.0,-0.9688581926687502,1.5973792266040059,1.0,-0.9632263810977664,1.5962892317701631,1.0,-0.9221226947786938,1.6013610266411116,1.0,-0.9222686323954504,1.5653067451061806,1.0,-0.8288405080124706,1.548993448546716,1.0,-0.8299554424605102,1.52301952094807,1.0,-0.6997347974913276,1.639183429437846,0.5,-0.8435180875075681,1.6576847905513235,1.0,-0.930551765879958,1.5898954934214207,1.0,-0.8903340460502893,1.5633783892405642,1.0,-0.803294328752035,1.542408404292017,1.0,-0.7852388799307448,1.5099975361140048,1.0,-0.8433745842544101,1.4946786495229805,1.0,-0.8134854662678478,1.4494831965981747,1.0,-0.9186113802269464,1.5705331914477347,1.0,-0.9229861880970602,1.5416104886867523,1.0,-0.8273982519796703,1.5573535610461686,1.0,-0.7912006171371196,1.6017191422737767,1.0,-0.8434808887502069,1.5700368822569524,1.0,-0.8217101445184493,1.530055435548403,1.0,-0.7910777196872077,1.5752887142037455,1.0,-0.9165250376595987,1.6284525911281682,1.0,-0.867822480024018,1.5851791055737166,1.0,-0.8287381780195122,1.5806998685165563,1.0,-0.8541556465478971,1.547138745712259,1.0,-0.8623933316592202,1.5683022662005617,1.0,-0.7869789359223242,1.6067375469694354,1.0,-0.7450405794060466,1.726198737008602,1.0,0.0,0.0,0.0,-0.8481326250989057,1.6491561943929578,1.0,-0.8616061228084821,1.6025022615844249,1.0
4,0.48202545739563973,1.806523573991481,1.0,0.46219365727873535,1.7677997255855284,1.0,0.46939946699846685,1.7711998708258834,1.0,0.48196101521010176,1.7674906317446561,1.0,0.46456240689831757,1.7485813077897019,1.0,0.4650319561840445,1.7235591994301787,1.0,0.4586159474160309,1.713917776790979,1.0,0.4769453594278114,1.7538888762304723,1.0,0.4374933594130172,1.7348985297736463,1.0,0.4290813196640576,1.7279509911096986,1.0,0.42789990396091687,1.7109099964475993,1.0,0.4206645088122349,1.719724136049007,1.0,0.49041616072414174,1.7370602724409863,1.0,0.4698724198459949,1.7174410586406361,1.0,0.4615248928159645,1.6936694296505308,1.0,0.4389049067382354,1.6729647287516765,1.0,0.41231519706354613,1.6679771338368143,1.0,0.4179710017263012,1.6432106356366403,1.0,0.4408890667970804,1.6815401951033708,1.0,0.5307872700640148,1.8359218449370591,1.0,0.5123400896613576,1.799482238388385,1.0,0.5036375704086392,1.806306860531536,1.0,0.4581413887115587,1.7618843788349325,1.0,0.4343764059578493,1.7248233831126227,1.0,0.428046515795797,1.6983709202480097,1.0,0.4391922931907792,1.7032132534827462,1.0,0.44577908547592815,1.7373326704332395,1.0,0.5244675575602045,1.8387477425597905,1.0,0.4783811813925597,1.844515886563534,1.0,0.450773865710767,1.826521679838928,1.0,0.44390978110058593,1.7893159717716578,1.0,0.4328401751500336,1.7740246742002626,1.0,0.4494044735100823,1.7524057174193721,1.0,0.44809757850078136,1.7424783919993154,1.0,0.5155018963412175,1.7659210295632464,1.0,0.4542721291223148,1.7626173403097585,1.0,0.41960834498761823,1.7032913430452483,1.0,0.41267702191755434,1.680623164321811,1.0,0.41861706848700003,1.652642229818117,1.0,0.4453030932312662,1.676848396184892,1.0,0.4794134461461393,1.702047172318159,1.0,0.4605385414099966,1.714159030834768,1.0,0.43217567939628687,1.7127848931706828,1.0,0.41921990220086897,1.742598058641623,1.0,0.4078812742056302,1.7070764503486078,1.0,-0.976836638978801,1.7221962851837096,1.0,-0.9839044191945087,1.6763797322452658,1.0,-0.9830241702818797,1.6716051071266596,1.0,-0.9643931733168126,1.6683120588170963,1.0,-0.9662654123843324,1.658126675536201,1.0,-0.946130789557489,1.6419890985202634,1.0,-0.9473682981686372,1.6403488337080603,1.0,-0.9274864433312523,1.670786402694433,1.0,-0.9231956633030521,1.6685234554948138,1.0,-0.9093504794880096,1.6531318222129991,1.0,-0.8957956736454278,1.6364521202072424,1.0,-0.9160950184995232,1.652886159683419,1.0,-1.007398678566415,1.6791337316949426,1.0,-0.9638277721268681,1.6760046369073165,1.0,-0.9432278199300277,1.6770451371919983,1.0,-0.8133047284667855,1.6484115986496173,1.0,-0.8612604305418549,1.610460815170764,1.0,-0.8817134308881233,1.569643592281107,1.0,-0.8657845594499424,1.574705244529715,1.0,-1.0141846342394543,1.7351628076998764,1.0,-1.0096536350660652,1.7322117975164548,1.0,-0.9673379175288236,1.7217680393857049,1.0,-0.9259545711995469,1.6612228544777612,1.0,-0.926193926598344,1.6086771352114844,1.0,-0.9312369038640885,1.5837325595538025,1.0,-0.9093047796363466,1.5887953200307476,1.0,-0.90938065771621,1.655201776906443,1.0,-1.0093527104151279,1.7628994875500212,1.0,-0.9646786819842791,1.734164249952364,1.0,-0.9317550497018592,1.7169309731293907,1.0,-0.9293089406386313,1.6888365531078127,1.0,-0.9254737416632777,1.6746358510188009,1.0,-0.8953542151687696,1.6864052909811462,1.0,-0.9504467619415475,1.6858898926750594,1.0,-0.9782916302237928,1.7246560150172516,1.0,-0.9169593010497825,1.6712019116316186,1.0,-0.8881317354185607,1.6205229835258699,1.0,-0.9101826289820737,1.5820249294721493,1.0,-0.8871588765131712,1.5715381338553733,1.0,-0.9047101188779596,1.6117875184928812,1.0,-0.9885851217944619,1.6200360791371198,1.0,-0.9562109274172607,1.6404553012425986,1.0,-0.8964978161703512,1.6307680107282978,1.0,-0.9345731225131065,1.6506738409141308,1.0,-0.9090550640728235,1.6252791622567784,1.0
4,0.46660690144238964,1.8112661254591365,1.0,0.4742545511599121,1.8351803814941612,1.0,0.4716607863534894,1.7366132455164462,1.0,0.4486051353415807,1.7138712235518128,1.0,0.4575728360855036,1.687945222513417,1.0,0.45936853191378074,1.7196790138168054,1.0,0.45891298381318535,1.722528758801314,1.0,0.44619998923009896,1.7170076201945437,1.0,0.42042067160654417,1.6717379503379712,1.0,0.40415405785715464,1.6660728511871408,1.0,0.4434160801225959,1.7042090326668606,1.0,0.4566994883035294,1.6828195748983168,1.0,0.4476216765573197,1.705296840789088,1.0,0.41027544068417815,1.6422243666386838,1.0,0.4272811117590999,1.642597412154057,1.0,0.400138920419915,1.6189943068946147,1.0,0.3876760210627995,1.6141732641997777,1.0,0.3897145577593807,1.626216984726899,1.0,0.45571542833166623,1.623193450741952,1.0,0.4416849169838533,1.6297135983168867,1.0,0.42261267417741144,1.6038925627573783,1.0,0.39426250949900166,1.5872399976634932,1.0,0.37695394925371456,1.6161385399439232,1.0,0.3689809238260021,1.5648175445407038,1.0,0.35843652430011524,1.5691513615025037,1.0,0.4457096475058014,1.6640671391798019,1.0,0.39568247503953347,1.6155216068319485,1.0,0.3904178805937752,1.654927111706499,1.0,0.3444345663088176,1.6472679726476491,1.0,0.34973414733291897,1.640885744223926,1.0,0.3388507888067357,1.633231332521867,1.0,0.3465281409795256,1.644601268637502,1.0,0.4414761480773795,1.7008610278011667,1.0,0.39249412278536655,1.645182806029181,1.0,0.38694307821363066,1.6217213595639717,1.0,0.3565054196494198,1.6208991438082112,1.0,0.3579722094888728,1.6416451532027514,1.0,0.3643652006241953,1.6225403402778353,1.0,0.3842498774434708,1.6514240934646731,1.0,0.3564216223016475,1.6226135736581357,1.0,0.37213123602176473,1.623537907043775,1.0,0.3565833652339892,1.635606775001231,1.0,0.32801226766999825,1.615787975318859,1.0,0.32046466881523883,1.6087865587493997,1.0,0.3673822218213703,1.6282695892601813,1.0,-1.0130573721039946,1.7527483293301835,1.0,-1.0087339721134134,1.7846239545643887,1.0,-0.9686831868040996,1.6621126951807088,1.0,-0.9620839479214237,1.6486370462910958,1.0,-0.9413214735597712,1.607084279759355,1.0,-0.9592014466096659,1.6454515149405786,1.0,-0.9419331839818688,1.6566065861991939,1.0,-0.9171803184953469,1.6430894107395495,1.0,-0.8948357452014277,1.598668149404195,1.0,-0.8829632753026726,1.584609728835253,1.0,-0.8454396399061374,1.6634224592482298,1.0,-0.9190765074979355,1.6585411749724086,1.0,-0.9513230903360533,1.6483630421364508,1.0,-0.9254385642585322,1.6027062008119763,1.0,-0.9329756511101944,1.5710049509504098,1.0,-0.8585229985129782,1.5408165479546834,1.0,-0.8030254783374926,1.5123369517510683,1.0,-0.6915672574373217,1.594646712750353,1.0,-0.8484689189341066,1.58391078967973,1.0,-0.9238778290923066,1.535536857208186,1.0,-0.8710221888774684,1.5103767895244953,1.0,-0.8093849219959434,1.5328817265637216,1.0,-0.8249851604480897,1.5061571835006209,1.0,-0.8362540444570014,1.4637333213943873,1.0,-0.8273188789205727,1.4839009730356567,1.0,-0.9388887050754273,1.6011308504261097,1.0,-0.913232653708716,1.5531923149867937,1.0,-0.8482076539056429,1.5681444309453931,1.0,-0.8299510383975096,1.5448047990826677,1.0,-0.8370206596565621,1.5380336609515042,1.0,-0.8144441985645595,1.5226414022259893,1.0,-0.7889827502787876,1.5736318379338574,1.0,-0.8583086200094026,1.6850099940440109,1.0,-0.902542444782813,1.6216366866188505,1.0,-0.8473209078758964,1.5670387779017774,1.0,-0.8461445882029718,1.573736398402235,1.0,-0.8452013682788713,1.5694547385366866,1.0,-0.8599270436659141,1.5665269696240396,1.0,-0.7562749096145597,1.6674878228598566,1.0,-0.7810565944494477,1.6621093450731041,0.75,0.0,0.0,0.0,-0.8699811992093291,1.5643868970658126,1.0,-0.836435603136834,1.5444952485347674,1.0,-0.8404325394916573,1.5527432452449288,1.0,-0.83736726072539,1.564016283524354,1.0
4,0.4219285074900072,1.7299291329861661,1.0,0.43148550455852897,1.7261480908172466,1.0,0.418329150983447,1.6969841394866054,1.0,0.4221524660946476,1.6907513544063162,1.0,0.43509893480885414,1.702507447135589,1.0,0.43551229763926425,1.710482964752746,1.0,0.4302230267352759,1.7157354253006907,1.0,0.41466346849129043,1.683993987245427,1.0,0.41800880209613495,1.6771597808614085,1.0,0.39190859659675675,1.6489774468103346,1.0,0.39240480721601806,1.6419723479670958,1.0,0.3922411754909612,1.6522306551827912,1.0,0.3877932549471659,1.6164153715693197,1.0,0.4093402846303035,1.6737616542773002,1.0,0.4525984387260946,1.6138364137793342,1.0,0.46008412728898385,1.6481398832800573,1.0,0.4381404761756472,1.6423429392468483,1.0,0.4034137144096636,1.6542793935735083,1.0,0.3800854751166313,1.602864264804677,1.0,0.36175122420382383,1.6346036393030607,1.0,0.395421918012363,1.66574263459128,1.0,0.4745315657230715,1.656388821396187,1.0,0.44013311686025797,1.6418261184246656,1.0,0.4119221121586475,1.6191063118701472,1.0,0.3643908905267851,1.6471694065152813,1.0,0.3477806002085644,1.652424061084715,1.0,0.3490199899504889,1.660151212513599,1.0,0.40957393877731996,1.6748736493468068,1.0,0.42163605159995404,1.6928114585468645,1.0,0.40997423252108517,1.6790388588738825,1.0,0.40581816371780854,1.631435288008175,1.0,0.3890464620435136,1.6167613569374892,1.0,0.36253992450740574,1.6557381578599295,1.0,0.4100685475728579,1.6553570234657644,1.0,0.4364483214752457,1.6886294920777902,1.0,0.4243993467677084,1.6574801868535918,1.0,0.42041147688451297,1.6285004260794589,1.0,0.3940780465540849,1.623645466339009,1.0,0.37835955293693796,1.6097678422553123,1.0,0.3822786101487435,1.6581077526768389,1.0,0.4142548972001892,1.67940357102286,1.0,0.4232449303414283,1.7136668542234026,1.0,0.4121751820102442,1.7389983318894107,1.0,0.4037446599447147,1.722076151376626,1.0,0.38990875719900636,1.693878289949094,1.0,-0.948204545748878,1.673178059775088,1.0,-0.9478514992554772,1.6539734801525603,1.0,-0.9094994383566175,1.6174734455141466,1.0,-0.9267113473274381,1.6268998129425487,1.0,-0.9214763896972034,1.6298337690370501,1.0,-0.9359626741655253,1.6212153630376414,1.0,-0.932253223984915,1.6341500210659488,1.0,-0.9261023566323722,1.6113018641965537,1.0,-0.9078041216553673,1.5968074824522265,1.0,-0.8465848855766744,1.577064922038974,1.0,-0.8570455702477509,1.5538700777613172,1.0,-0.8472355278318681,1.5562711684739272,1.0,-0.8351338901602949,1.5454066986275963,1.0,-0.8408560533420059,1.6100573822787112,1.0,-0.9015785302664512,1.5593580299692893,1.0,-0.9003070826133448,1.5848658735171581,1.0,-0.9075814035916155,1.5710988397297578,1.0,-0.8849283016979002,1.582704837123088,1.0,-0.8191235193921437,1.5244845919609662,1.0,-0.7489614706109384,1.5873392693109432,1.0,-0.7735761960440879,1.657790266468447,0.5,0.0,0.0,0.0,-0.9064420303221891,1.555204325331058,1.0,-0.872971167885956,1.5568084558679847,1.0,-0.8512296219260158,1.5366584508377539,1.0,0.0,0.0,0.0,0.0,0.0,0.0,-0.9045483325831583,1.6122963983296412,1.0,-0.9438670702869842,1.6531166003524769,1.0,-0.9039557249189145,1.6396996385912477,1.0,-0.8873452922094204,1.608064864105876,1.0,-0.8326364643671955,1.6011985171106011,1.0,-0.7273985546648286,1.687103293951217,0.5,0.0,0.0,0.0,-0.9293479594755747,1.6171634076094334,1.0,-0.9027894216750807,1.6337803874171135,1.0,-0.8943857150773912,1.5893695572710689,1.0,-0.8475666276205315,1.6079284451469251,1.0,-0.8032832150972079,1.5471642518958872,1.0,-0.7928196297971062,1.611103823079005,1.0,-0.9014857433060027,1.6171199904071825,1.0,-0.9219607143660957,1.6349998574568807,1.0,-0.9186061473105042,1.6433733261897163,1.0,-0.8989703046337421,1.6115427604426964,1.0,-0.8358955060023892,1.6147941439361007,1.0
4,0.40442892247362194,1.67411913589082,1.0,0.4099200166824821,1.6942959085384421,1.0,0.41702983616460854,1.7009892552197918,1.0,0.39750872249963737,1.6560923837211912,1.0,0.39081164267378293,1.639200314810966,1.0,0.389915181565305,1.6573838697176422,1.0,0.3860393236404224,1.6984869639310145,1.0,0.3660136386060939,1.6703392810422915,1.0,0.35363267245103625,1.6418505163304309,1.0,0.3522777799951244,1.636954458795303,1.0,0.3529602060526025,1.6510035813280632,1.0,0.36556502678889774,1.6467603548242749,1.0,0.4462919112146243,1.7958305801180672,1.0,0.4078680960810367,1.6834135265379886,1.0,0.3895642406440383,1.692645378745493,1.0,0.36900640634837945,1.7443963987269777,1.0,0.34808001499476215,1.6544130597019215,1.0,0.37682390534776633,1.6696763120877218,1.0,0.37215617459103917,1.6419934788700152,1.0,0.35264979702022614,1.6183520439846941,1.0,0.4441416575270213,1.6869435723408748,1.0,0.38120117043607316,1.7119105653819588,1.0,0.348122489078358,1.653570968487084,1.0,0.3620587751698627,1.6549246511408011,1.0,0.37681634487643767,1.6453806133121682,1.0,0.38187966312160565,1.6229080198559453,1.0,0.4104744935356883,1.6088554391103485,1.0,0.393297002102757,1.6094948938149027,1.0,0.3622034189466744,1.5937712254942495,1.0,0.3756207945451168,1.616566860390192,1.0,0.377882065827933,1.6357751523559916,1.0,0.3996733384136246,1.6269688008661305,1.0,0.3972308932128054,1.6588428321669109,1.0,0.4366951214883548,1.661956065255558,1.0,0.4359842243183621,1.6589585751775093,1.0,0.3904715270593594,1.6772601959015268,1.0,0.36988040362232577,1.633130373722756,1.0,0.3699591913885572,1.6424784114341875,1.0,0.3783046206551462,1.657979354056673,1.0,0.39998120277448906,1.6733792274386805,1.0,0.4386706806655325,1.6835003948714475,1.0,0.4442499115690984,1.6834947700806133,1.0,0.379564388522218,1.671865977724387,1.0,0.376656318522616,1.6407900777336646,1.0,0.38542292751884233,1.6520671203119843,1.0,-0.8958834686369743,1.5962561184590478,1.0,-0.939934414357173,1.6232509384837235,1.0,-0.9321104767364555,1.6291415462487293,1.0,-0.9275735224840842,1.5855258736333007,1.0,-0.9242465235711144,1.5683289166301033,1.0,-0.9364741576125215,1.58590180952243,1.0,-0.9439075058140934,1.6173926450618368,1.0,-0.9212154364223518,1.5898874638530136,1.0,-0.8896780768644532,1.5616369196003992,1.0,-0.8681259461808821,1.5566647399679343,1.0,-0.867682336085147,1.5701663268818546,1.0,-0.8629262272760991,1.5504080996034908,1.0,-0.9966645150025871,1.7124226942095577,1.0,-0.9475711891540708,1.6188687986696502,1.0,-0.9141483044262091,1.6111633446786024,1.0,-0.9084912660436836,1.6365556861224528,1.0,-0.8737596874711326,1.5659904496550476,1.0,-0.8575996746542078,1.5414245115680363,1.0,-0.8492140667862079,1.5159165507278478,1.0,-0.7005935316281126,1.56453669142602,1.0,-0.8278207978329041,1.6167125165234557,1.0,-0.8556255403602303,1.6161562393848257,1.0,-0.8594861318563983,1.5582334457817084,1.0,-0.8692945323000549,1.5429834413708088,1.0,-0.8800004817133824,1.5419716339092084,1.0,-0.8383156230433471,1.5599301986345284,1.0,-0.8607183724295133,1.5696210913953732,1.0,-0.8911677358627665,1.5472178156105136,1.0,-0.8600727141245353,1.5237044407959,1.0,-0.8530153182248196,1.5447634512023385,1.0,-0.8792605409941802,1.5713063007240884,1.0,-0.8650558937009158,1.5789411085073506,1.0,-0.7281358100108712,1.6990345001391849,0.25,-0.8972032231571497,1.6460763230573974,1.0,-0.9151895022201625,1.5957457692575785,1.0,-0.8294523494229904,1.5815798918636954,1.0,-0.8263792315021486,1.537429602912798,1.0,-0.8249009985511702,1.5536712351548836,1.0,-0.784526166205273,1.6256784988661057,1.0,-0.6724681702380878,1.6896284603631135,0.5,0.0,0.0,0.0,-0.9212949578011759,1.6031686012941266,1.0,-0.8659210515980627,1.5754412984892685,1.0,-0.812327413030387,1.5604533391152184,1.0,-0.8254321044301922,1.563859137852121,1.0
